Date,US Large Cap,US Small Cap,International
2000-01-31,-0.060801,0.008872,-0.050591
2000-02-29,0.090379,0.270275,0.057328
2000-03-31,0.081317,-0.065215,0.01209
2000-04-30,-0.084867,-0.187595,-0.10271
2000-05-31,-0.116997,-0.110673,-0.089653
2000-06-30,0.146837,0.22971,0.024102
2000-07-31,-0.01427,-0.076997,-0.063093
2000-08-31,0.132236,0.127985,0.025136
2000-09-30,-0.109912,-0.043548,-0.085974
2000-10-31,-0.070232,-0.076957,-0.064556
2000-11-30,-0.203755,-0.162269,-0.082963
2000-12-31,-0.023569,0.071893,0.024148
2001-01-31,-0.052455,0.029309,-0.044194
2001-02-28,-0.067351,-0.064759,-0.034725
2001-03-31,-0.067558,-0.040969,-0.055362
2001-04-30,0.048557,0.066826,0.043719
2001-05-31,0.029692,0.033025,-0.008561
2001-06-30,-0.013782,0.047905,0.003555
2001-07-31,0.003899,-0.016499,-0.009485
2001-08-31,-0.034472,-0.029948,0.007988
2001-09-30,-0.068567,-0.10823,-0.08446
2001-10-31,0.001714,0.05569,0.021701
2001-11-30,0.072045,0.079206,0.00614
2001-12-31,0.036309,0.059236,0.008893
2002-01-31,-0.013111,0.010605,-0.027111
2002-02-28,-0.026031,-0.032389,0.016137
2002-03-31,0.050961,0.080918,0.041619
2002-04-30,0.002267,0.012252,0.015322
2002-05-31,-0.002325,-0.032826,0.028932
2002-06-30,-0.050535,-0.026887,-0.006186
2002-07-31,-0.059167,-0.134179,-0.075458
2002-08-31,0.017965,0.007293,-0.00583
2002-09-30,-0.059873,-0.049696,-0.089
2002-10-31,0.046604,0.037705,0.036594
2002-11-30,0.01727,0.053398,0.038544
2002-12-31,-0.025407,-0.036394,-0.016142
2003-01-31,-0.0249,-0.013963,-0.030001
2003-02-28,-0.011218,-0.018906,0.010892
2003-03-31,0.010942,0.026061,-0.017984
2003-04-30,0.050795,0.072413,0.043917
2003-05-31,0.049296,0.073572,0.046728
2003-06-30,0.01663,0.029427,0.011899
2003-07-31,0.017179,0.07849,0.005867
2003-08-31,0.019699,0.045342,0.00963
2003-09-30,-0.000387,-0.012244,0.039552
2003-10-31,0.096527,0.103523,0.087064
2003-11-30,0.019493,0.033307,0.016611
2003-12-31,0.025651,-0.00454,0.064765
2004-01-31,0.02603,0.07477,0.028
2004-02-29,0.004961,-0.009025,0.023327
2004-03-31,-0.00419,-0.00399,0.025561
2004-04-30,-0.054714,-0.076139,-0.032135
2004-05-31,0.030455,0.019254,-0.005516
2004-06-30,0.024996,0.030823,0.027031
2004-07-31,-0.06711,-0.081081,-0.055067
2004-08-31,-0.007947,-0.024276,0.020133
2004-09-30,0.050823,0.062172,0.021944
2004-10-31,0.014835,0.011431,0.031876
2004-11-30,0.063353,0.09954,0.067557
2004-12-31,0.023004,0.028122,0.043046
2005-01-31,-0.027548,-0.026622,-0.013577
2005-02-28,0.039689,0.031491,0.047498
2005-03-31,-0.010442,-0.038818,-0.019858
2005-04-30,-0.036706,-0.059081,-0.027614
2005-05-31,0.035286,0.068222,0.009211
2005-06-30,0.024868,0.045172,0.035648
2005-07-31,0.047837,0.064096,0.04094
2005-08-31,0.003655,-0.015608,0.032457
2005-09-30,0.027001,0.016645,0.037936
2005-10-31,-0.028578,-0.028434,-0.038664
2005-11-30,0.039937,0.05224,0.029164
2005-12-31,0.010431,-0.001358,0.051439
2006-01-31,0.057606,0.107001,0.075229
2006-02-28,-0.020208,-0.013617,-0.010056
2006-03-31,0.022834,0.04707,0.043975
2006-04-30,0.00879,0.007013,0.041904
2006-05-31,-0.046883,-0.073419,-0.052762
2006-06-30,0.002681,0.0022,-0.004281
2006-07-31,-0.024789,-0.048564,-0.000013
2006-08-31,0.007586,0.015901,0.018565
2006-09-30,0.018678,0.007775,-0.007994
2006-10-31,0.045645,0.060127,0.035929
2006-11-30,0.022637,0.023716,0.02884
2006-12-31,0.004679,0.001575,0.03538
2007-01-31,0.028083,0.022201,0.004187
2007-02-28,-0.02056,-0.013237,0.012144
2007-03-31,0.02542,0.009177,0.043276
2007-04-30,0.036248,0.023327,0.043861
2007-05-31,0.030826,0.030624,0.025051
2007-06-30,-0.025548,-0.018795,-0.004222
2007-07-31,-0.020172,-0.0602,-0.00126
2007-08-31,0.014981,0.018057,-0.014109
2007-09-30,0.052396,0.030332,0.075365
2007-10-31,0.035339,0.040962,0.06456
2007-11-30,-0.045494,-0.083144,-0.043653
2007-12-31,0.025329,0.008626,-0.011075
2008-01-31,-0.10183,-0.10408,-0.098721
2008-02-29,-0.001397,-0.021908,0.034825
2008-03-31,-0.008035,-0.003745,-0.017407
2008-04-30,0.064542,0.037373,0.057477
2008-05-31,0.037326,0.050514,0.037878
2008-06-30,-0.037686,-0.05624,-0.051654
2008-07-31,-0.036371,0.041864,-0.047571
2008-08-31,0.000283,0.018413,-0.047896
2008-09-30,-0.111999,-0.069995,-0.142826
2008-10-31,-0.159139,-0.191273,-0.163409
2008-11-30,-0.081456,-0.115157,-0.045548
2008-12-31,0.007742,0.044028,0.053249
2009-01-31,-0.077292,-0.1266,-0.083405
2009-02-28,-0.096809,-0.123221,-0.087271
2009-03-31,0.053409,0.077992,0.025284
2009-04-30,0.018479,0.086756,0.040735
2009-05-01,0.025685,0.012823,0.100873
2009-06-01,0.020519,0.035831,-0.000031
2009-07-01,0.066541,0.087685,0.090938
2009-08-01,0.022802,0.001266,0.038591
2009-09-01,0.0272972,0.04197492,0.04390709
2009-10-01,-0.01447426,-0.08358197,-0.0004959
2009-11-01,0.06106998,0.02579214,0.02927275
2009-12-01,0.04660109,0.0862759,0.01245053
2010-01-01,-0.06779043,-0.04104393,-0.0672192
2010-02-01,0.04886199,0.05214778,0.00169916
2010-03-01,0.07177186,0.0899283,0.09294669
2010-04-01,0.04252338,0.083211,-0.00858827
2010-05-01,-0.086286394,-0.085125135,-0.113338655
2010-06-01,-0.08027674,-0.09275483,-0.0104818
2010-07-01,0.087913686,0.080720454,0.098107113
2010-08-01,-0.05554813,-0.090096771,-0.031617482
2010-09-01,0.123876105,0.147905546,0.127647862
2010-10-01,0.047967227,0.048365769,0.039928483
2010-11-01,0.017887325,0.038837581,-0.02934656
2010-12-01,0.045368694,0.071308089,0.072959698
2011-01-01,0.013768961,0.00115614,0.002030942
2011-02-28,0.042721143,0.059130554,0.028700718
2011-03-31,0.017675922,0.038864619,0.002407531
2011-04-30,0.02030805,0.023310892,0.059849273
2011-05-31,-0.017969698,-0.019878408,-0.033649698
2011-06-30,-0.013814682,-0.01282572,-0.008015189
2011-07-31,-0.024978223,-0.02644499,-0.014975326
2011-08-31,-0.074428368,-0.105967049,-0.102823714
2011-09-30,-0.11430679,-0.13347809,-0.148457941
2011-10-31,0.111710658,0.177340311,0.104220511
2011-11-30,-0.000565868,0.001633589,-0.032637791
2011-12-31,0.006299841,0.002046497,-0.000849426
2012-01-31,0.027403122,0.059814079,0.020158823
2012-02-29,0.052040911,0.032878027,0.046137237
2012-03-31,0.037919279,0.032103107,-0.001357835
2012-04-30,0.005170697,-0.00905225,0.005263476
2012-05-31,-0.043745915,-0.054537067,-0.08746566
2012-06-30,0.032511722,0.04542632,0.059130045
2012-07-31,0.018206665,0.004907403,0.029873676
2012-08-31,0.016000727,0.030173172,0.025721706
2012-09-30,0.021369844,0.030211542,0.020713735
2012-10-31,-0.027625277,-0.013963295,0.009027614
2012-11-30,0.01120194,0.01042241,0.032351562
2012-12-31,-0.003459686,0.033493492,0.019642155
2013-01-31,0.032489585,0.066734921,0.05779675
2013-02-28,0.008276294,0.009531283,0.000949838
2013-03-31,0.037588076,0.059105259,0.013808315
2013-04-30,0.021600911,0.00037261,0.057643172
2013-05-31,0.0112,0.0335,-0.0402
2013-06-30,-0.009820653,0.003265386,-0.026785892
2013-07-31,0.070421922,0.081216561,0.054047548
2013-08-31,-0.031383149,-0.032931796,-0.02234132
2013-09-30,0.046,0.0708,0.0888
2013-10-31,0.042367533,0.022827587,0.019117439
2013-11-30,0.041300435,0.047131342,0.017607668
2013-12-31,0.02460398,0.02419563,0.02049422
2014-01-31,-0.019741865,-0.023836746,-0.031318338
2014-02-28,0.057687146,0.052074396,0.031622912
2014-03-31,-0.021857135,-0.016681625,-0.017843115
2014-04-30,-0.02453788,-0.053513599,0.003985902
2014-05-31,0.039317933,-0.00225786,0.010964768
2014-06-30,0.031358186,0.074450289,0.012291959
2014-07-31,-0.014560226,-0.060270039,-0.030534253
2014-08-31,0.046073645,0.054208661,0.002735326
2014-09-30,-0.026621048,-0.059842231,-0.03790412
2014-10-31,0.023790477,0.05964404,-0.018004381
2014-11-30,0.029668602,-0.00141977,0.000665946
2014-12-31,-0.0109,0.0251,-0.0316
2015-01-31,-0.007272592,-0.01456292,0.008505935
2015-02-28,0.045763268,0.046949458,0.048580006
2015-03-31,-0.013956822,0.017770826,-0.011415328
2015-04-30,-0.0201,-0.0435,0.0433
2015-05-31,0.031340246,0.027726157,0.002928074
2015-06-30,-0.0158,0.0091,-0.0186
2015-07-31,0.033080949,0.007,0.014155041
2015-08-31,-0.065055565,-0.067615223,-0.066486368
2015-09-30,-0.026845701,-0.039647519,-0.050240464
2015-10-31,0.067056314,0.049935956,0.055877622
2015-11-30,0.006219579,0.046128265,-0.007866697
2015-12-31,-0.002502319,-0.053539784,0.004722676
2016-01-31,-0.053746564,-0.100495484,-0.060731313
2016-02-29,-0.0204,-0.01,-0.014
2016-03-31,0.0629,0.0709,0.0663
2016-04-30,-0.0099,0.018096968,0.0201
2016-05-31,0.021251366,0.022426851,0.0058
2016-06-30,0.021259932,0.006241249,-0.005398124
2016-07-31,0.036511744,0.059706705,0.036988117
2016-08-31,-0.011072254,0.011007878,-0.017322594
2016-09-30,0.000382777,0.008499073,0.018080438
2016-10-31,-0.030062569,-0.052183308,-0.035551091
2016-11-30,0.0143,0.1127,-0.0262
2016-12-31,0.0179,0.0146,0.0245
2017-01-31,0.019651688,0.009491947,0.0439
2017-02-28,0.023978334,0.006171581,-0.0032
2017-03-31,-0.004146082,-0.001691933,0.0273
2017-04-30,0.009875935,0.010401792,0.0182
2017-05-31,0.008927538,-0.028860888,0.0213
2017-06-30,0.016512633,0.045565955,0.0118
2017-07-31,0.03710528,0.0157,0.0407
2017-08-31,0.017785847,-0.0084,0.0036
2017-09-30,0.016478102,0.0753,0.0375
2017-10-31,0.048922274,0.014393793,0.028
2017-11-30,0.022068175,0.028482458,0.0117
2017-12-31,0.004009885,-0.001063271,0.0164
2018-01-30,0.083396465,0.036731634,0.061927402
2018-02-28,-0.015264544,-0.029924282,-0.032166848
2018-03-31,-0.028368075,0.008686309,-0.022330513
2018-04-30,0.008581407,0.007511076,0.026427395
2018-05-31,0.036177367,0.085793753,0.001680252
2018-06-30,-0.003135645,0.012126653,-0.026932935
2018-07-31,0.0169657,0.013454832,0.008927676
2018-08-30,0.067827375,0.051916027,-0.006919128
2018-09-30,-0.00204516,-0.0379388,0.015314049
2018-10-01,-0.094699727,-0.12030198,-0.100019356
2018-11-01,0.00075787,0.006068194,-0.019745972
2018-12-01,-0.087260299,-0.120943793,-0.047453263
2019-01-01,0.079658021,0.091682628,0.061416508
2019-02-01,0.041531347,0.060706065,0.03011878
2019-03-01,0.023806469,-0.021094104,0.025152133
2019-04-01,0.026972235,0.015495482,0.012143441
2019-05-01,-0.039862579,-0.052524299,-0.020436776
2019-06-01,0.062980241,0.066810087,0.059339731
2019-07-01,0.011727777,0.011088082,-0.007707983
2019-08-01,0.009550037,-0.034136763,-0.003526786
2019-09-01,-0.004495697,-0.001281038,0.003808073
2019-10-01,0.005333349,0.043665405,0.022970038
2019-11-01,0.026999047,0.037353519,0.013695791
2019-12-01,0.0175,0.0233,0.0329
2020-01-01,0.0242,-0.0229,0.0007
2020-02-01,-0.075384725,-0.077256596,-0.082641961
2020-03-01,-0.12534465,-0.233791498,-0.126035449
2020-04-01,0.132847026,0.169154125,0.091419001
2020-05-01,0.074159461,0.089315195,0.058382901
2020-06-01,0.033432735,0.064165136,0.045934291
2020-07-01,0.072711494,0.045595903,0.047355846
2020-08-01,0.093858638,0.033449244,0.036650558
2020-09-01,-0.047014888,-0.032591492,0.001154738
2020-10-01,-0.027991283,0.021301263,-0.03386401
2020-11-01,0.0996,0.1692,0.1114
2020-12-01,0.0478,0.0835,0.0536
2021-01-01,0.0064,0.1336,-0.0097
2021-02-01,-0.0027,0.0364,0.0007
2021-03-01,0.015264907,0.016780388,0.008621196
2021-04-01,0.0478686,0.020406104,0.040274989
2021-05-01,-0.003168696,0.035150923,0.026776034
2021-06-01,0.055135617,0.054000764,-0.009156415
2021-07-01,-0.01334398,-0.058814376,0.008007424
2021-08-01,0.041969361,0.021327699,0.017338167
2021-09-01,-0.021280391,-0.011580539,-0.018208035
2021-10-01,0.108358522,0.049965805,0.049021297
2021-11-01,-0.014478354,-0.034063932,-0.045213147
2021-12-01,0.006052326,0.017789647,0.055862749
2022-01-01,-0.076159558,-0.085829607,-0.073536828
2022-02-01,-0.020975581,0.026985068,-0.023955873
2022-03-01,0.045963618,0.019215341,0.026362752
2022-04-01,-0.093213018,-0.073531904,-0.058287217
2022-05-01,-0.003874946,0.009766612,0.008589774
2022-06-01,-0.079177273,-0.096631888,-0.101463051
2022-07-01,0.089498461,0.094791287,0.032490091
2022-08-01,-0.025066556,-0.025369005,-0.030734057
2022-09-01,-0.076767247,-0.091654324,-0.093514078
2022-10-01,0.101378341,0.139975486,0.054256479
2022-11-01,0.021683181,0.039684429,0.10003687
2022-12-01,-0.06544587,-0.057765974,-0.001576538
2023-01-01,0.00444135,0.062329317,0.05121582
2023-02-01,-0.034835288,-0.013783521,-0.024882168
2023-03-01,0.002984655,-0.051269376,0.01117415
2023-04-01,0.020287373,-0.019458879,0.033691793
2023-05-01,-0.036231122,-0.009444278,-0.045886411
2023-06-01,0.07851097,0.07055935,0.065002037
2023-07-01,0.021687782,0.04421163,0.023268429
2023-08-01,-0.010429802,-0.046701045,-0.034298708
2023-09-01,-0.055273847,-0.054921056,-0.041731553
2023-10-01,-0.016530301,-0.058381032,-0.040772086
2023-11-01,0.111898241,0.094230267,0.123998114
2023-12-01,0.045646385,0.125037777,0.051812081
2024-01-01,0.028705493,-0.028743108,0.037186809
2024-02-29,0.072078615,0.08077682,0.04832934
2024-03-31,0.025231289,0.0251966,0.04870051
2024-04-30,-0.047236,-0.06222832,-0.04315366
2024-05-31,0.0623448,0.062107515,0.03806978
2024-06-30,0.062050987,-0.022713633,0.008995284
2024-07-31,-0.01291296,0.11270524,0.02149672
2024-08-31,0.021234822,0.001611739,0.017072331
2024-09-30,0.021689754,-0.002400851,-0.004603992
2024-10-31,0.010114008,-0.010659881,-0.03941617
2024-11-30,0.062287696,0.11460027,0.02102147
2024-12-31,-0.03442884,-0.09167256,-0.037677076
2025-01-31,0.04297519,0.020014029,0.04909878
2025-02-28,-0.027931742,-0.039912492,0.00962646
2025-03-31,-0.09088713,-0.06576788,-0.000301545
2025-04-30,0.004148164,-0.01638652,0.05529619
2025-05-31,0.08266622,0.07290389,0.05423744
2025-06-30,0.065354064,0.059971347,0.031039827
2025-07-31,-0.000151563,0.012197613,-0.003805117
2025-08-31,0.016891634,0.080496415,0.039224803
2025-09-30,0.034762464,0.018408986,0.026065776
2025-10-31,0.028535645,-0.001346314,0.005808229
2025-11-30,-0.009435998,0.004780334,0.00537428
2025-12-31,0.002253449,0.013954893,0.03560291
2026-01-31,0.04649791,0.04728427,0.06696727
2026-02-28,-0.00897893,0.027469074,0.054247543
2026-03-31,-0.051203523,-0.02906547,-0.11254176
