DATE,VAL,MOM,VAL^SS,MOM^SS,VAL^AA,MOM^AA,VALLS_VME_US90,MOMLS_VME_US90,VALLS_VME_UK90,MOMLS_VME_UK90,VALLS_VME_ROE90,MOMLS_VME_ROE90,VALLS_VME_JP90,MOMLS_VME_JP90,VALLS_VME_EQ,MOMLS_VME_EQ,VALLS_VME_FX,MOMLS_VME_FX,VALLS_VME_FI,MOMLS_VME_FI,VALLS_VME_COM,MOMLS_VME_COM
2000-01-31,-0.020126737,0.025728836,-0.026303627,0.04093824,-0.015907975,0.015340944,-0.021550071,0.033903185,-0.091013502,0.127893866,-0.071512797,0.056606862,0.084130812,-0.052195742,0.002247801,0.036174663,-0.03021015,0.003191109,0.004668407,0.009247707,-0.063040898,0.037921103
2000-02-29,-0.120639014,0.085021747,-0.254080755,0.188868463,-0.029499456,0.014095336,-0.332477111,0.305180078,-0.270023344,0.157187969,-0.216943147,0.105171364,-0.173577346,0.157429827,-0.053916306,0.069081632,-0.000463064,-0.006147856,-0.006216512,-0.018623329,-0.134239506,0.096437655
2000-03-31,0.078979005,-0.070489897,0.185695685,-0.152452476,0.006092433,-0.014510163,0.248172402,-0.18990491,0.173891845,-0.195529464,0.124887108,-0.078001594,0.182878313,-0.148074048,-0.006754001,-0.006141448,0.004644988,0.019359806,-0.013887271,-0.022329357,0.079846075,-0.072840277
2000-04-30,0.042687813,-0.032917684,0.12705012,-0.092374343,-0.014930914,0.007690701,0.189693086,-0.093601217,0.156503154,-0.15488673,0.058523578,-0.058624522,0.093403549,-0.07088914,-0.024496426,-0.007978901,-0.021493459,0.008324518,-0.000789391,0.006057952,-0.032080777,0.026854316
2000-05-31,0.048765478,-0.048429895,0.138856166,-0.131265659,-0.012765685,0.008146217,0.128490394,-0.131501755,0.12756333,-0.153594717,0.095054835,-0.073649629,0.21711798,-0.178809437,-0.000397689,-0.027589722,0.015967582,-0.003544382,-0.005560111,0.00727812,-0.107528823,0.071710867
2000-06-30,-0.014190089,0.02337276,-0.04170443,0.051241401,0.004601968,0.004338719,-0.214506404,0.189927783,0.01201663,0.002622772,0.008823517,-0.009730107,0.087575425,-0.02257217,0.054636159,-0.013873356,0.02634741,-0.030692348,0.008466288,0.00193909,-0.103550893,0.104592335
2000-07-31,0.019606698,-0.008147077,0.039085679,-0.018018439,0.006302722,-0.001405022,0.082049327,-0.06413033,-0.025462074,0.036535272,0.021268384,0.014704747,0.062788784,-0.04561656,0.000374146,0.009482923,-0.023473489,0.016885347,0.006276015,-0.002079996,0.076070642,-0.049572756
2000-08-31,-0.0443052,0.046412573,-0.055570108,0.058262813,-0.036611365,0.038318962,-0.066681873,0.091436319,-0.082813352,0.022329372,-0.005514116,0.027798947,-0.074004625,0.083259486,-0.01096848,0.003590247,-0.039628772,0.049524019,0.0038003,-0.009842341,-0.172723969,0.188457033
2000-09-30,0.020625672,-0.017243938,0.050735031,-0.029972657,6.12399E-05,-0.008550333,0.070544891,-0.027126177,0.050060843,-0.039251072,0.024332218,-0.042196775,0.055461145,-0.010248685,0.023903463,-0.041293685,-0.017845983,0.002407371,-0.005008397,0.004957779,0.028969815,-0.037981004
2000-10-31,0.033670485,-0.019205712,0.104185423,-0.066849075,-0.01449061,0.013334294,0.129773737,-0.103110315,0.093547849,-0.073813297,0.100436006,-0.056294027,0.083135647,-0.022024557,-0.020077943,-0.008734963,-0.022147681,0.023938956,-0.003694255,0.005972795,-0.023650454,0.034162489
2000-11-30,0.068974741,-0.033931297,0.17376371,-0.092657762,-0.00259522,0.006178372,0.21764189,-0.139675813,0.247859569,-0.163408708,0.130888053,-0.057867717,0.092308246,-0.00028801,0.018021951,-0.020021017,0.035472823,-0.031663554,0.002203489,0.003376909,-0.11870108,0.121662848
2000-12-31,0.026681614,-0.006506057,0.035777446,0.005713339,0.020469239,-0.014851798,0.042033199,0.032057072,0.00098853,-0.003177428,0.036147468,-0.00706016,0.060211191,-0.007203736,0.029423021,-0.022764137,0.054427519,-0.054398245,0.000197899,0.011096366,-0.002679294,0.002808996
2001-01-31,0.012311122,-0.054023118,0.017285313,-0.111783651,0.008913792,-0.014573173,0.051178314,-0.216844467,0.002839071,-0.072586342,0.027944396,-0.061264742,-0.029091907,-0.063377049,-0.009519451,-0.007030861,0.001061628,-0.00016558,-0.002619033,0.001693911,0.077612514,-0.099985708
2001-02-28,0.059376934,0.035166297,0.134370607,0.071361789,0.008156903,0.010445089,0.197894712,0.117811154,0.110151098,0.068982349,0.113522347,0.047720486,0.093911306,0.037075445,0.074695847,0.030689086,-0.017480557,0.019212839,0.002088842,0.006153807,0.013424548,-0.016340478
2001-03-31,0.018798674,0.032966672,0.067877113,0.053848542,-0.014721477,0.018704535,0.118868268,0.106096904,0.082986667,0.075296804,0.037101413,0.027090367,0.018913579,-0.007851513,0.009676799,0.001553346,-0.029163066,0.042576809,-0.001893598,0.005663608,-0.045475403,0.022585707
2001-04-30,-0.009374402,-0.026424684,-0.023389562,-0.053301697,0.000197832,-0.008067916,-0.097341376,-0.115396214,0.000950504,-0.03542608,-0.02724924,-0.058110305,0.061357888,0.022225547,-0.010102023,-0.04999981,0.009215496,-0.021455826,0.013376721,-0.003934886,-0.046767812,0.050934942
2001-05-31,0.004971291,0.016124345,0.025481893,0.047581105,-0.009037272,-0.005360351,0.030347808,0.054831558,0.061943811,0.076194283,0.019007519,0.051041921,-0.008795267,0.005573972,-0.002828887,0.011020306,-0.027115906,-0.022498848,0.001953097,0.002763639,-0.008356042,-0.008672735
2001-06-30,0.019550001,0.027153451,0.027093244,0.055657374,0.014398031,0.007685517,0.000611692,0.002385969,0.049578166,0.104613491,0.012832259,0.079117846,0.059652492,0.054674744,0.007436562,0.026093442,-0.003947869,0.026374549,0.008749573,0.001478107,0.076985782,-0.032942805
2001-07-31,0.027390943,0.012804437,0.040541922,0.04632905,0.018408938,-0.010092584,0.065753123,0.080920943,0.039115687,0.010262797,0.011884961,0.028007238,0.041144006,0.054826204,0.002871317,0.010436011,0.020677231,-0.006144697,0.001562408,-0.004360917,0.077878188,-0.055797648
2001-08-31,0.017942397,0.027609398,0.040038546,0.06685654,0.002850918,0.000803939,0.049190649,0.071080579,0.025831171,0.083763471,0.02399196,0.061588544,0.060302005,0.050937177,0.005074845,0.029628307,0.032278934,-0.02951156,-0.0132956,-0.008761687,-0.015728653,0.064221034
2001-09-30,-0.006818433,0.052247405,-0.013308049,0.100542811,-0.002386081,0.01926206,0.004304173,0.131388588,-0.035077849,0.136172722,-0.009074598,0.102815552,-0.022038957,0.020115895,0.011910707,0.007127004,-0.036318509,0.027702835,0.006407427,0.004498324,0.030403251,0.056077471
2001-10-31,-0.006100448,-0.036812729,-0.021365789,-0.079315315,0.004325648,-0.007783829,-0.020591553,-0.116821114,-0.003971993,-0.086753742,-0.006389329,-0.071522304,-0.05733129,-0.028957738,-0.016001318,-0.032762825,0.017805281,0.011244935,0.000625528,-0.008126332,0.006671352,-0.022315814
2001-11-30,0.026313072,-0.044365531,0.024707987,-0.094090364,0.027409331,-0.010403899,0.010466259,-0.098168324,0.082537496,-0.084619721,0.031294074,-0.0993813,-0.019205736,-0.09115572,0.020633829,-0.046467219,0.0126007,-0.008304438,0.000892578,-0.008552666,0.142506629,0.016131656
2001-12-31,0.002143935,0.015691148,0.009550536,0.024054821,-0.00291471,0.009978831,0.020844157,0.014359647,-0.008183792,0.050723763,0.014157236,0.016592069,0.005321373,0.020846405,-0.000646472,0.002092927,0.008370192,0.019733732,0.005257138,0.002005769,-0.052947943,0.020085877
2002-01-31,0.009039706,0.016396644,0.013225389,0.031497188,0.006180921,0.006083103,0.002798639,0.038634068,-0.010254876,0.069942443,0.024576922,0.032485731,0.036859367,-0.016879073,0.003415663,0.021718292,0.001618502,-0.003026053,-0.000448584,-0.00478439,0.037877445,0.041188132
2002-02-28,0.004586995,0.025762637,0.018158463,0.053748555,-0.004682201,0.006648496,0.022739327,0.088489433,-0.029913816,0.093862148,0.010944092,0.046500879,0.066931424,-0.024994094,0.006018966,0.013094516,0.014844743,0.004509236,-0.002743716,0.007498886,-0.062854834,0.002268421
2002-03-31,0.011202189,-0.035395075,0.008715367,-0.047435997,0.012900666,-0.027171229,0.038418504,-0.036629622,0.012784769,-0.033567152,-0.009945871,-0.057068694,-0.014344969,-0.064378645,0.015567176,-0.021848676,0.024714119,0.002687155,0.016847785,-0.007490076,-0.026464568,-0.153263939
2002-04-30,0.001843527,0.022544486,0.013598211,0.054157472,-0.00618482,0.00095309,-0.001567172,0.080907412,0.018504232,0.085482703,0.028749326,0.053510755,0.011837277,-0.012846164,0.049013446,-0.01064704,-0.001631624,0.000731496,-0.006142857,0.006117122,-0.071721945,-0.00178599
2002-05-31,0.023175879,0.024224705,0.016000309,0.024057245,0.028076732,0.024339078,0.003616151,0.023378512,0.021954045,0.03775605,0.006609936,0.05350014,0.038919402,-0.02374133,0.003088553,0.012741952,0.044662977,0.027300613,0.000141075,0.012202702,0.098466651,0.064748106
2002-06-30,-0.008800326,0.038367128,-0.018783085,0.0819976,-0.001982187,0.008567892,-0.032040259,0.102016567,-0.017313818,0.088058841,-0.020413199,0.09059139,0.000339718,0.03771928,0.003252943,0.014081077,0.001101662,0.027850509,-0.000295842,-0.003488041,-0.018730819,-0.003434722
2002-07-31,-0.007871505,0.024603097,-0.016444299,0.048506571,-0.002016361,0.00827723,-0.057547396,0.04379597,-0.031112148,0.059400926,0.005962579,0.074727783,0.028325828,0.012955069,0.028962581,0.036652133,-0.027184864,-0.008227533,-0.002394413,0.008877959,0.021681898,0.013237807
2002-08-31,-0.004032311,0.011039343,0.01415378,0.020007303,-0.016453254,0.004914304,0.022092608,0.005844403,0.005026376,0.05910678,0.006267383,0.017677687,0.021365188,0.004848222,-0.024905153,-0.004157866,0.006723127,0.001760242,-0.004799646,0.002325915,-0.091172827,0.028288271
2002-09-30,-0.019359949,0.056359372,-0.040024941,0.105813388,-0.005245937,0.022582706,-0.081011207,0.10457274,-0.043178621,0.136589439,-0.059202981,0.163849278,0.04358636,0.007809788,-0.000498412,0.111658703,-0.007985699,0.031397153,-0.003583257,0.006873502,-0.008973838,-0.040753649
2002-10-31,0.027368058,-0.026570669,0.027080565,-0.046427022,0.027564413,-0.013008951,-0.004039658,-0.038335915,0.071206125,-0.079575586,0.049383126,-0.101505757,0.001123835,0.040705515,0.00014537,-0.089599079,0.024198383,0.017810228,0.000546284,0.004293462,0.140447608,-0.051669768
2002-11-30,0.028651622,-0.047992782,0.047467547,-0.103563139,0.015800508,-0.010038708,0.09028912,-0.166773282,-0.006237569,-0.07949052,0.082259678,-0.105459879,-0.002550633,-0.035976981,0.010419784,-0.048745185,0.013549028,0.021138598,0.008704137,-0.007969264,0.046538645,-0.043684299
2002-12-31,-0.014620444,0.061320773,-0.009972503,0.097966674,-0.017794947,0.036291939,-0.009745648,0.089535851,-0.042109778,0.13334567,-0.016458714,0.125978391,0.028612336,0.041789058,0.013775498,0.078003299,0.001225769,0.040499223,-0.000732041,0.001789347,-0.139611344,0.084859467
2003-01-31,0.008836406,0.007696785,0.017125793,0.004336241,0.003174826,0.009992008,-0.014369428,-0.000917107,0.043346312,-0.004022211,0.013044674,0.018820906,0.040823785,0.002317285,0.014630597,0.042785165,0.026056959,0.010760302,0.00331428,-0.015810168,-0.057742457,0.049786835
2003-02-28,-0.010962553,0.039943847,-0.006047011,0.054390134,-0.014319826,0.030077157,-0.014456832,0.01787324,0.011622326,0.092947698,-0.062493337,0.090734271,0.056709311,0.024450723,-0.006840698,0.064946759,0.034797126,-0.01265508,-0.003077794,0.003149513,-0.159423195,0.164104532
2003-03-31,0.006398543,0.005642925,-0.010447996,0.034247438,0.017904585,-0.013893711,-0.019804309,0.014252676,-0.007592235,0.04275919,-0.01826145,0.044870066,0.009322815,0.041227181,0.002341706,0.005048959,0.009569858,-0.003046548,-0.007043698,-0.000729939,0.123483347,-0.094224571
2003-04-30,0.024474984,-0.046803629,0.03776111,-0.083105814,0.015400675,-0.022009551,0.038925304,-0.071036016,0.035862821,-0.140038322,0.070345156,-0.159104525,-0.001322604,0.046678285,0.007035181,-0.098263415,0.003789026,0.016198845,0.005060599,-0.004771995,0.078544445,-0.076632684
2003-05-31,0.008656147,-0.014238206,0.034809844,-0.052495086,-0.009206602,0.011890912,0.055454684,-0.060119073,0.071717972,-0.072392828,0.003883152,-0.0177438,0.007472248,-0.064467964,0.02586018,0.004923457,-0.006446092,0.033672675,0.008774684,0.010994787,-0.102410225,-0.025099408
2003-06-30,0.015373231,-0.01821401,0.024805673,-0.033292802,0.008930955,-0.007915326,-0.000798272,-0.002283254,0.022913171,-0.012470835,0.042737535,-0.036748208,0.040895516,-0.092720813,0.028290124,-0.023293635,0.010519232,-0.023135355,0.000919009,0.004701574,0.009144441,0.003724769
2003-07-31,0.012271848,-0.025924973,0.007028634,-0.039582853,0.015852918,-0.016596759,-0.013591549,-0.016226901,0.027171432,-0.043288003,0.038367326,-0.072030796,-0.021342677,-0.029605808,0.009413776,-0.02432718,0.006243968,-0.005417835,0.016959408,-0.022718606,0.039712019,-0.015039609
2003-08-31,0.005915174,-0.007341498,0.016945983,-0.019445268,-0.001618773,0.000925272,0.028638997,0.004695741,-0.00162834,-0.024000165,0.021172528,-0.034262127,0.013427904,-0.03100521,0.025704164,-0.007061875,-0.000130659,-0.007203347,-0.00367286,0.018074194,-0.026429066,-0.023150759
2003-09-30,0.00767492,0.001690935,-0.00907615,0.004026553,0.019115757,9.57278E-05,-0.00042257,-0.004483619,0.007152908,0.015944053,-0.015727308,0.01724138,-0.028879616,-0.01150742,0.024209531,0.015660722,0.031478721,0.01265032,-0.012943557,0.003268089,0.080109813,-0.051627433
2003-10-31,-0.009211865,0.031587985,-0.016502426,0.048311868,-0.004232474,0.020165717,0.000319842,0.049721827,-0.027699349,0.020644589,0.006501124,0.050150317,-0.056984046,0.070878061,0.026212353,0.033533192,-0.031145408,0.024663994,0.004693061,-0.001517416,-0.003130898,0.059677187
2003-11-30,0.005955264,0.000375306,0.01624261,-0.00709952,-0.001070904,0.005480547,0.008096957,0.010231368,0.014442129,0.007450457,0.016116338,-0.000179217,0.029551363,-0.053803011,0.009229364,-0.005968005,-0.003250923,0.023309311,-0.001695809,-0.004225733,-0.004990697,0.006910919
2003-12-31,0.005714381,0.007192121,0.028874755,-0.00899552,-0.010103955,0.018248141,0.047845737,-0.057031784,0.040318538,0.010157257,-0.002040603,-0.003228475,0.028497392,0.032843979,0.000281961,0.008508943,-0.005371968,0.015784816,0.004383969,0.004192994,-0.072543964,0.073931861
2004-01-31,0.007725076,0.017130369,0.00642398,0.022375173,0.008613713,0.013548214,0.014854247,0.016133408,0.004129114,0.035188154,0.004970046,0.0242652,-0.001417425,0.016451097,0.018591993,0.025222327,0.003606887,0.018183217,-0.011941617,0.014194594,0.068624327,-0.010010482
2004-02-29,0.000814098,0.009033785,0.017575446,-0.010197328,-0.010633758,0.02216847,0.012755698,-0.017889,0.019014173,0.004531788,-0.001201592,-0.005227921,0.045578655,-0.019655712,0.017268267,0.014697701,-0.026807402,0.017052954,0.000294996,0.010594555,-0.035731087,0.074073463
2004-03-31,0.004749472,0.000430541,-0.006864506,0.016533238,0.012681719,-0.010567461,-0.006358286,0.010713176,0.011328184,-0.019247819,-0.001974841,-0.021449511,-0.031064932,0.105093161,0.014723138,-0.032591142,0.026578337,-0.026735711,0.004076926,-0.000250966,0.005738441,0.016447465
2004-04-30,0.000140765,-0.022685382,-0.009561116,-0.025222081,0.006767065,-0.020952838,-0.016096614,-0.053156383,-0.010471246,-0.030864051,0.021334659,-0.017852919,-0.036774724,0.010495795,-0.00898035,-0.003313601,0.019810185,-0.028219407,0.014583679,-0.019598651,-0.027831483,-0.027106716
2004-05-31,0.009388374,-0.010130108,0.010589386,-0.009591631,0.008568093,-0.010497883,-0.002439366,0.014611473,0.008876719,-0.010433851,-0.015150483,0.001577305,0.061539859,-0.056161712,0.019294078,0.000518576,-0.000990081,-0.007640968,-0.003108854,-0.000851613,0.05192298,-0.055579587
2004-06-30,-0.002284459,0.016841011,-0.001727237,0.026160989,-0.002665036,0.010475547,0.016957225,0.021054439,-0.019201509,0.023595855,0.0187325,0.006774133,-0.035680072,0.059173792,0.019820287,0.029344924,0.012161487,0.002299955,-0.005504665,-0.00103545,-0.048867225,0.042179404
2004-07-31,0.004649116,-0.000679113,0.033525809,-0.016893428,-0.015073416,0.010395124,0.029310602,-0.017076855,0.015431199,-0.018526242,0.018605965,0.013124234,0.074922953,-0.051250955,0.012207063,0.00760815,-0.005822346,0.005987234,-0.009259294,0.007427678,-0.079173678,0.03120722
2004-08-31,0.010973293,0.002710233,0.006500868,0.003013766,0.014027921,0.002502923,0.017449462,-0.019985867,0.014208999,-0.005698626,-0.007784682,0.023750838,0.000927513,0.018667555,0.01274238,0.014485552,-0.005967247,0.005895043,-0.000612932,0.000741973,0.100388948,-0.011755445
2004-09-30,-0.010707005,0.024329044,0.006138507,0.019248987,-0.022212345,0.027798679,-0.002193648,0.033649502,0.008927853,0.035114447,-0.005341508,0.03108652,0.028959275,-0.030549176,0.011174045,0.023002726,-0.025965139,0.012668955,0.002826661,-0.003501262,-0.120166845,0.155399814
2004-10-31,-0.006119182,-0.002978287,0.000590225,-0.009377466,-0.010701649,0.001392298,0.004412008,-0.017475243,-0.013578213,-0.008609493,0.003797401,-0.003307941,0.005070608,-0.006090499,-0.001369293,-0.006094576,-0.006922443,-0.003738465,-0.005348615,0.003687266,-0.043659679,0.013294112
2004-11-30,0.012633383,0.007906227,0.013964367,0.005282922,0.011724333,0.009697922,0.022352701,0.017467492,0.010088606,-0.004349474,0.025354813,0.001306545,-0.007776389,0.002318348,0.021099227,0.026787349,-0.019214404,0.023882597,0.006437822,-0.002482451,0.083734233,-0.002713363
2004-12-31,0.011128943,-0.009506839,0.010515636,-0.003265814,0.011547826,-0.013769405,-0.00586257,-0.015507924,0.049351288,0.002462682,-0.006503701,0.011472021,0.016428321,-0.009420514,-0.001431262,-0.00613202,-0.0076457,0.005961857,-0.003510345,0.000480344,0.109193029,-0.104842831
2005-01-31,-0.000524758,0.015171917,0.00301152,0.013058856,-0.002940005,0.016615119,-0.00083741,0.034210846,0.005281211,-0.015735064,0.010633645,0.011869568,-0.002980208,0.012699333,0.000653256,0.002401502,0.018274116,-0.005890984,-0.006896656,0.016270632,-0.040528914,0.080101539
2005-02-28,0.009220169,0.004577556,0.018648841,0.011290023,0.002780467,-7.00037E-06,0.00844921,0.033607902,-0.000233679,-0.011625224,0.032416143,0.002760368,0.034604956,0.012461649,0.022740577,0.02418169,-0.023859559,0.017442678,-0.001215202,0.003524275,0.051188354,-0.071938485
2005-03-31,0.005732947,0.005470618,0.016752757,-0.006114383,-0.001793488,0.013383073,0.015521628,0.000329917,0.028441736,-0.019835189,-0.011327332,-0.012280405,0.041030428,0.005559656,-0.005738642,0.001986371,0.009902981,0.002043688,0.008245311,0.003818855,-0.051832022,0.076760996
2005-04-30,-0.001545529,-8.95018E-05,-0.007955698,0.006460193,0.002832562,-0.004562887,0.005044345,-0.005088197,-0.02245917,0.000574359,-0.011938997,0.017636934,-0.007343586,0.014860073,-0.002887805,-0.012935604,-0.015793748,0.007374446,-0.002678391,0.001465579,0.064371401,-0.039069625
2005-05-31,0.005653442,0.002230396,0.012820228,0.0050999,0.000758588,0.000270549,0.002448663,0.002957968,0.041084323,-0.01250834,0.006055757,0.008345463,0.008174966,0.021218273,-0.003605012,0.022837741,0.013281841,0.001150779,-0.004144086,-0.000198121,-0.007477348,-0.023020913
2005-06-30,-0.001209472,0.019755021,0.006492117,0.020863314,-0.006469591,0.018998067,0.012842184,0.028545057,0.014962436,0.010151511,0.004383228,0.030630809,-0.008056121,0.008681201,0.01137873,0.033051606,-0.00319744,0.02161498,0.000927456,0.009562223,-0.052834913,0.026474023
2005-07-31,-0.001895817,0.004619518,0.000739805,0.009175957,-0.003695924,0.001507509,-0.004197229,-0.001335839,-0.002242994,0.001349633,0.007870143,0.009028304,0.001945911,0.03165433,-0.001852137,0.007248336,-0.002134838,0.000154059,-0.000682088,0.001420537,-0.017599468,-0.001135662
2005-08-31,-0.010834622,0.007192878,-0.00367466,0.012843293,-0.015724814,0.003333694,-0.002665935,0.013802204,-0.007352628,0.005168966,-0.005315483,0.023302905,0.000447353,0.006310157,0.012685352,0.014001341,0.002071129,-0.002116436,-0.001751881,-9.04278E-05,-0.122809552,0.014124185
2005-09-30,-0.003537499,0.019312012,0.00165514,0.036617492,-0.007084026,0.007492518,-0.009396581,0.038656185,0.00811694,0.03514197,-0.007259694,0.035753942,0.02164222,0.036228807,0.005306291,-0.003102189,-0.015440627,0.028524672,-0.01120634,0.014669968,0.010204152,-0.047551134
2005-10-31,0.010659377,-0.007775423,0.00689323,-0.007456632,0.013231622,-0.007993154,-0.010408684,-0.028241867,0.035391199,-0.005490974,0.007891472,-0.025770073,0.002373929,0.041851656,-0.004357624,-0.019309771,-0.013698324,0.017826406,0.012259809,-0.007689514,0.091399948,-0.052701213
2005-11-30,-0.001068646,0.003011503,-0.010441191,0.000973558,0.005332722,0.004403402,9.98788E-05,-0.007959645,-0.009728408,0.013839112,0.000909206,-0.012060885,-0.039588331,0.016765532,0.011886656,0.005833625,-0.008790446,0.02275799,0.011565716,-0.008263359,0.010940903,0.000268593
2005-12-31,0.000553439,0.003208381,-0.014584584,0.01669305,0.010892577,-0.006001531,0.003423981,0.012803431,-0.00616582,0.003874627,0.006566247,0.014127983,-0.073466321,0.037634218,0.010515467,0.019229163,0.018975852,-0.017406804,-0.007093604,-0.000219379,0.045919843,-0.023744342
2006-01-31,-0.005163714,0.014897582,0.00125978,0.036460409,-0.009550905,0.000170357,-1.27145E-05,0.046435745,-0.029900284,0.041042577,-0.002116665,0.052345266,0.037251055,-0.001103677,0.020614704,0.010654071,-0.003434801,-0.01052394,-0.000188413,-0.003479988,-0.080100723,0.023020445
2006-02-28,0.015937722,-0.011595341,0.026690511,-0.01800338,0.00859366,-0.007218705,0.01848652,-0.024909283,0.015304033,-0.003719941,0.006183912,0.004520116,0.073925813,-0.049297713,0.001515657,-0.019062474,0.013259001,0.009300802,-0.004303575,0.003344052,0.042996361,-0.061123436
2006-03-31,-0.004982064,0.013535909,-0.007177542,0.023629856,-0.003482571,0.00664183,-0.021480649,0.030036138,-0.010027065,0.022152286,0.012412645,0.025380623,-0.007998378,0.013970295,-0.009561112,0.017973402,0.03236162,-0.027501082,0.011151456,-0.007243363,-0.116308006,0.108366266
2006-04-30,-0.01771674,0.012896877,-0.005407968,0.015896239,-0.026123526,0.010848338,0.005204239,0.004263614,-0.044317382,0.05220445,-0.017390414,0.030110473,0.031799915,-0.020056838,0.009051348,-0.005867712,-0.023633075,-0.011281752,0.001060057,-0.005380496,-0.145433716,0.121926719
2006-05-31,0.009586165,-0.016100168,0.025902261,-0.036712516,-0.001557589,-0.002022113,0.03284345,-0.044495689,0.010360298,-0.018501557,0.008324817,-0.035554172,0.052400644,-0.044814996,-0.002735916,-0.027823378,0.008551206,-0.002272164,0.002086196,-0.000240099,-0.032521475,0.019390082
2006-06-30,0.011424207,-0.005093547,0.008303113,-0.00187401,0.013555887,-0.007292462,-0.000230002,0.016737176,0.033903138,-0.025729757,0.003883999,-0.004311403,0.000830165,-0.001944028,0.000456549,-0.011851352,0.012261288,0.006240472,0.00393691,-0.002853344,0.057316755,-0.04447004
2006-07-31,0.001637175,-0.006088322,0.025391503,-0.009442804,-0.014586826,-0.00379724,0.028092513,-0.031102751,0.021369202,0.002952151,0.022278469,-0.008362719,0.029250126,0.007620717,0.000120601,-0.012113034,-0.014713801,-0.014899871,-0.007068362,-0.00023733,-0.050861852,0.018065407
2006-08-31,0.001783204,-0.002916458,0.008958847,-0.01780597,-0.003117698,0.007252949,0.013511168,-0.039565589,0.007627475,-0.014811568,0.0116393,-0.010262527,0.000635022,0.000695913,0.009511534,0.001773946,-0.022050575,-0.004517018,0.004198297,0.001634966,0.003526439,0.054187154
2006-09-30,0.008485246,0.002775468,0.016048622,-0.003778967,0.003319525,0.00725209,0.009840618,-0.012908657,0.025086068,-0.009526329,0.024361619,9.61399E-05,0.005984305,0.009901417,-0.010938719,0.005263319,-0.001473271,-0.010459536,-0.001508473,-0.003610439,0.041898356,0.078524932
2006-10-31,-0.000316314,0.005880264,0.000882393,0.00453498,-0.00113502,0.006799082,0.001810444,-0.003362679,0.004778137,0.005489552,0.009988854,0.008461913,-0.015166087,0.009944462,-0.004753406,-0.017614507,-0.017792007,0.002074042,0.001335831,-0.002792481,0.031019332,0.069232466
2006-11-30,-0.000462437,-0.002167774,0.006819248,-8.59803E-05,-0.005435765,-0.003589621,0.010889214,-0.023288821,0.030627283,0.015982659,-0.01303148,0.014860233,0.002024421,-0.001132412,-0.00042475,-0.009692095,-0.000128256,0.001295691,0.000463665,0.002438554,-0.03888324,-0.025296339
2006-12-31,0.006806551,0.014073015,0.008331921,0.015802898,0.005764736,0.01289152,0.012319044,0.006558367,0.002738102,0.010062104,0.00384138,0.021779524,0.01356906,0.027103956,0.011142711,0.015821514,-0.028195623,0.000717092,0.006587605,0.005436106,0.070627921,0.057516049
2007-01-31,0.004947695,0.000336412,0.005330586,-0.006352559,0.004686184,0.004904921,-0.009835164,0.00188465,0.004223537,-0.020217136,0.007360314,0.015128312,0.025206895,-0.030387237,-0.015594854,0.011853368,0.005600914,0.002469048,0.00727255,0.007099175,0.015715474,-0.003228208
2007-02-28,0.002627913,-0.000728597,0.011142162,-0.002128983,-0.003187246,0.000227855,0.015210837,-0.00672518,-0.005593307,-0.004707092,0.005357412,-0.000681453,0.028601307,0.005060122,0.002290768,-0.008175371,0.000208088,-0.006972653,-0.000832321,-0.002796415,-0.022778122,0.032843941
2007-03-31,-0.009771537,0.007659588,-0.006218922,0.016666,-0.012197943,0.001508286,-0.003916396,0.032829251,0.010189735,0.004212566,-0.035232609,0.018707798,0.009667746,0.003597785,-0.006581816,0.008225579,-0.016122396,-0.000877496,0.002178292,0.007495186,-0.050982646,-0.017451689
2007-04-30,-0.012354014,0.013463156,0.000764998,0.006264725,-0.021314186,0.018379622,-0.003861742,-0.011072487,-0.007820951,-0.004625566,0.005315084,-0.002211005,0.010066566,0.051313019,-0.008243836,0.001404617,-0.031273787,0.024168466,0.007215478,0.006210181,-0.095577887,0.058258833
2007-05-31,-0.002369,0.003304839,-0.009698835,-0.00069813,0.002637214,0.006038833,-0.009769903,-0.005964016,-0.007029066,-0.011830207,-0.014556587,0.005735628,-0.006324115,0.009690409,-0.000575698,0.01066486,-0.012168736,-0.004398677,0.004965307,-0.00256807,0.030834272,0.048561689
2007-06-30,-0.003747339,0.002181806,-0.010780745,-0.005499784,0.001056417,0.007428266,-0.002939247,0.003777164,-0.037015609,-0.019739296,0.002601003,-0.011920848,-0.012531275,0.003013836,0.027253613,0.000737113,-0.030832727,0.032461495,0.000273559,0.005553759,0.045126565,-0.03397232
2007-07-31,-0.010365095,0.005976778,-0.026183996,0.01732137,0.000439077,-0.00177148,-0.028197158,0.017320501,-0.02147159,0.002266139,-0.019392856,0.011813761,-0.036108874,0.038524257,-0.014795913,0.020081743,0.014322282,-0.011193097,0.007876506,-0.000173993,-0.035378767,-0.008267172
2007-08-31,0.011566232,-0.002604712,-0.002472836,-0.000810818,0.021154794,-0.003829925,-0.018796788,0.009305133,0.007650545,-0.010705836,-0.002723512,-0.00679516,0.010914484,0.001798625,-0.004471148,-0.001331869,0.049667696,-0.048583171,0.007767307,0.005806735,0.02465514,0.061577742
2007-09-30,-0.025834772,0.02788499,-0.037742568,0.038511529,-0.01770185,0.020627156,-0.046890023,0.032198467,-0.060660137,0.042245043,-0.020792442,0.02508791,-0.023196087,0.059933117,-0.003782968,0.01872407,-0.049336954,0.049943265,0.000383595,0.001106381,-0.016281112,0.016194123
2007-10-31,-0.020404646,0.01425785,-0.018369106,0.011865308,-0.021794902,0.015891935,-0.019600805,0.049302277,-0.025224002,0.022305032,-0.00792226,0.012802303,-0.022609498,-0.051824754,0.008809183,0.038382441,-0.036768534,0.020150636,-0.001090139,-0.000485964,-0.080417402,0.031393395
2007-11-30,0.010465256,0.00282134,-0.005745708,0.002932366,0.021537205,0.00274551,-0.020497502,0.022965413,-0.002205722,0.034629421,-0.019596482,0.004431209,0.028203951,-0.057604982,-0.024022878,0.009690156,0.044622222,-0.04042278,0.008845614,0.019697798,0.054747541,0.039150163
2007-12-31,0.003225782,0.017882455,-0.000553043,0.028725139,0.005806687,0.010476996,-0.012318564,0.063600227,-0.015018939,0.026375519,-0.004061587,0.023701309,0.034156221,-0.01181811,0.007258649,0.00382042,-0.0035046,0.014353643,-0.002454758,0.009879895,0.048123553,0.010620533
2008-01-31,0.011919054,-0.021085087,0.024376114,-0.027245939,0.00341099,-0.016877277,0.043850952,-0.079973697,0.005963052,-0.002011135,0.002303765,-0.001710797,0.041506665,-0.008549567,-0.01803229,-0.027615226,0.019408274,-0.018652628,-0.005644658,-0.002623971,0.016961951,-0.043410422
2008-02-29,-0.019137211,0.037127567,-0.022136899,0.055889332,-0.017088451,0.024313443,-0.016305707,0.076535487,-0.071543373,0.093378925,-0.007899418,0.030141632,0.000308712,0.021742957,-0.010719597,0.023817311,-0.013712822,0.027371516,-0.010777152,0.015999708,-0.048961315,0.042279885
2008-03-31,0.001974129,-0.001200837,0.001482484,0.008007944,0.002309918,-0.007490355,-0.003324119,0.025272341,0.020309807,-0.017243181,0.003664714,-0.017633102,-0.01262197,0.039152638,-0.020754472,0.005130189,0.042223331,-0.035305213,0.000871102,0.012749559,-0.055673292,-0.019156055
2008-04-30,-0.001513265,-0.000793806,0.003185833,-0.005385556,-0.004722707,0.002342319,-0.010426471,0.021498453,-0.021049919,0.049409364,0.003370504,-0.003596876,0.045479094,-0.098212583,0.052000654,-0.014608465,-0.036044768,0.026335884,-0.004672128,-0.011788835,0.004938135,0.00891031
2008-05-31,-0.008495754,0.013749971,-0.009694225,0.022660577,-0.007677209,0.007664104,-0.008314987,0.038012177,-0.052256465,0.055135228,-0.012504475,0.028702508,0.032926051,-0.037546181,-0.029730727,0.001754492,-0.01433575,-0.005701154,-0.000761835,-0.001367158,0.008842329,0.068303243
2008-06-30,-0.022370778,0.065990175,-0.054826667,0.114766305,-0.000203686,0.0326765,-0.041444559,0.120419721,-0.143493422,0.177861319,-0.044215161,0.104017119,-0.000619612,0.058781349,-0.046044977,0.055152308,0.008499963,0.014794347,0.010120923,0.012464991,-0.002407043,0.106637934
2008-07-31,0.016986559,-0.024045318,0.02868017,-0.031897617,0.008999923,-0.018682266,0.039499827,-0.063651945,0.057730147,-0.064629456,0.008511755,-0.008656265,0.009739708,0.016236015,-0.003014471,0.005561699,-0.001337244,-0.003759387,0.010163424,-0.004730186,0.039875789,-0.115357306
2008-08-31,0.026689525,-0.023279083,0.036234812,-0.040310549,0.020170177,-0.011646738,0.035978748,-0.055122124,0.068517133,-0.083071366,0.03021919,-0.045127366,0.012624699,0.027610656,-0.005729484,-0.011464024,0.038386561,-0.014795522,0.005324671,-0.005162903,0.050188334,-0.023818393
2008-09-30,0.016420789,-0.022694012,0.01978661,-0.005459905,0.014121962,-0.034464758,0.02619091,-0.016932598,0.040348612,-0.036039399,0.00086027,0.01410268,0.013745362,0.016605479,-0.042666747,-0.001783686,0.050333978,-0.059261541,0.01092056,-0.025306079,0.003163442,-0.040819844
2008-10-31,0.014354904,0.031235082,-0.018490367,0.053589901,0.036787941,0.015966934,-0.028920636,0.041646131,-0.029540933,0.041975892,-0.003228081,0.040083176,-0.011588401,0.097846017,-0.083123592,0.059364763,0.110488176,0.080468447,-0.007914092,-0.021479629,0.129133522,-0.057674152
2008-11-30,-0.001047379,0.024672368,-0.012509569,0.040430627,0.006781198,0.013909613,-0.010853126,0.034061793,-0.032961384,0.048953138,0.001772488,0.039816225,-0.012271201,0.041853927,-0.023482202,0.031500243,-0.015686973,0.028443808,0.002201489,0.013196639,0.098605383,-0.032871831
2008-12-31,0.004373528,0.003326657,0.007541169,-0.010154832,0.002210057,0.012534398,0.030344553,-0.067655321,0.011857509,0.029235791,-0.017209855,0.001004473,0.001253922,0.018872607,0.022491635,-0.015140071,-0.016666063,0.02284314,-0.026448089,0.002201785,0.10490448,0.048229549
2009-01-31,-0.00687455,0.015746748,-0.02050285,0.030209973,0.002433461,0.00586849,-0.018898853,0.0054083,-0.074040463,0.089681753,-0.022786766,0.056493733,0.031782807,-0.024244071,-0.004229119,-0.051091531,0.004635298,0.042760617,0.026439948,-0.001259795,-0.064886284,0.004968014
2009-02-28,0.001784354,0.000833755,-0.005640099,0.014666192,0.006855192,-0.00861368,-0.053148516,0.022856062,0.053077579,-0.01494036,-0.034349193,0.063163351,0.038763536,-0.026651951,-0.008504983,0.033612696,0.017563293,-0.022004405,0.00345832,-0.008025471,0.009245729,-0.024250706
2009-03-31,0.030728451,-0.06100797,0.05211919,-0.105572519,0.016118762,-0.030570768,0.022464139,-0.069210821,0.058026629,-0.135476825,0.044517777,-0.116534946,0.097129078,-0.114388717,0.031333653,-0.014669752,0.054084675,-0.083242666,-0.009825767,0.010521974,-0.005536158,-0.052580446
2009-04-30,0.066270652,-0.099065506,0.130392356,-0.222582645,0.022476081,-0.014704366,0.142074351,-0.245518521,0.121399388,-0.228019574,0.136842676,-0.242387956,0.114941665,-0.161302162,0.037589783,-0.026637204,0.016798249,-0.0208667,0.014772309,-0.006255514,0.041628668,-0.01388292
2009-05-31,0.008886721,-0.05544787,0.016529066,-0.073580563,0.003667065,-0.043063397,0.02815225,-0.106057542,-0.016123646,-0.035084032,0.020523217,-0.07588327,0.027005161,-0.062523985,0.04360489,-0.065563053,0.006382822,-0.049697083,0.008445304,-0.018445325,-0.056224619,-0.077270806
2009-06-30,0.005615556,0.000542838,-0.008794846,0.017234852,0.015457737,-0.010857663,-0.012641327,0.044846937,-0.019277756,-0.01029043,-0.014644004,0.033450892,0.013786838,-0.014391154,-0.018546373,0.025822754,0.025826384,-0.009488302,0.00420019,-0.013120165,0.060079985,-0.044250043
2009-07-31,0.011584978,-0.01169264,0.034662798,-0.031341338,-0.004176973,0.001727252,0.045892587,-0.048304465,0.069686125,-0.013123988,0.035378147,-0.030122343,-0.015810209,-0.026658541,0.000920123,0.02387738,-0.00186722,-0.02539504,0.000134276,0.002540244,-0.026710554,0.035071183
2009-08-31,0.005627759,-0.014794235,0.035007286,-0.050587087,-0.014438204,0.009651974,0.025189889,-0.05013433,0.02706696,-0.049895212,0.061881852,-0.082629674,0.024040776,-0.013255399,0.01813422,-0.02549909,0.006496541,0.000739646,-0.002766373,-0.00197647,-0.125791668,0.097757025
2009-09-30,-0.011801057,-0.002056007,-0.013094557,-0.009694136,-0.010917607,0.00316077,0.006263142,-0.031228613,-0.035296755,0.00266759,0.0006514,-0.033894509,-0.035323039,0.037707587,-0.010193225,-0.005599466,-0.02611177,0.005753063,-0.003831776,0.00311704,0.000398993,0.006576091
2009-10-31,-0.007943633,0.009213748,-0.016843272,0.022876478,-0.001865257,-0.000117778,-0.017360007,0.011719734,-0.020758146,0.045538911,-0.016377463,0.036969136,-0.012894455,-0.000399199,-0.015064582,0.044876574,-0.006886877,-0.006405293,-0.001702878,0.005775559,0.021723399,-0.049065837
2009-11-30,-0.017512863,0.003987678,-0.025106741,0.006861684,-0.01232631,0.002024757,-0.004629452,0.001868208,-0.029960196,0.041140441,-0.026196126,0.012723302,-0.047795561,-0.02636138,-0.020191816,0.008279793,-0.007408866,-0.008644482,0.00351915,-0.000778712,-0.060674972,0.026640622
2009-12-31,0.013742955,0.015009555,0.017571361,0.029292106,0.011128187,0.005254695,0.016526353,0.022277992,0.000728811,0.011063758,0.00209424,0.015343717,0.053986842,0.073569591,0.004924209,-0.028769303,0.003183192,0.017996923,0.013936683,-0.004015109,0.026274559,0.039077919
2010-01-31,0.006291557,-0.01487037,0.011890505,-0.021744135,0.002467524,-0.010175647,0.013283133,-0.036076832,0.029580348,-0.036113254,-0.006067641,0.005404301,0.014482956,-0.020495522,-0.009034159,-0.00429035,0.005919445,-0.015322106,-0.002810988,-0.010106613,0.021926145,-0.005299287
2010-02-28,-0.002985845,0.002275704,-0.005500422,0.009709017,-0.001268411,-0.002801185,-0.006465823,0.045288714,0.000382115,0.017485448,-0.034294208,0.003249342,0.024881183,-0.039883934,-0.033517769,-0.031170683,-0.011381967,-0.004243754,0.002640264,0.004582932,0.04161042,0.0075746
2010-03-31,0.009667391,0.03059992,0.016842065,0.048820567,0.004767151,0.018155376,-0.000357116,0.024742403,-0.00042677,0.094608489,0.030065104,0.04967842,0.041702748,0.037244414,0.019868735,-0.004261999,-0.017111392,0.028645118,-0.002590005,0.002528293,0.057595082,0.063450817
2010-04-30,0.003055673,0.011046533,0.014664936,0.016710099,-0.004873353,0.007178365,0.011491805,0.021106197,0.018943051,0.002761045,0.011450526,0.033800034,0.018849828,0.003434342,-0.025997647,0.029824604,-0.004486643,0.022299083,-0.001669388,0.00348737,0.006352678,-0.037356938
2010-05-31,-0.005990312,-0.020415473,-0.022210018,-0.004045886,0.005087607,-0.031595759,-0.016951796,-0.0104652,-0.036264659,-0.004845299,-0.026722508,0.00389438,-0.010544706,-0.003850807,-0.008548259,0.002255596,0.034630461,-0.051670946,-0.010874848,-0.006192135,0.001727135,-0.09614774
2010-06-30,-0.010022833,-0.017212151,-0.030978934,-0.01308542,0.004290003,-0.020030673,-0.017378346,-0.038450816,-0.069674632,-0.011885024,-0.027581153,0.01660743,-0.016710304,-0.014502016,0.002179273,0.003755231,0.000127875,-0.009010006,-0.004572505,-0.013703394,0.040918575,-0.085874561
2010-07-31,0.007757176,-0.008095001,0.012882993,0.002838726,0.004256288,-0.015562641,0.006842915,0.018613875,0.037503304,0.0191508,0.013397345,-0.025353953,-0.003084622,-0.00105137,0.031668083,-0.022523677,0.013312141,-0.001925854,-0.006101713,0.000321211,-0.012855134,-0.083590923
2010-08-31,-0.02234307,0.020299055,-0.02384499,0.017464641,-0.021317272,0.022234935,-0.003178939,0.005041564,-0.040802551,0.033625202,-0.038276809,0.022693971,-0.019004053,0.012938906,-0.017475053,0.00812721,-0.019360898,0.019054259,-0.002907209,0.013310675,-0.08254512,0.069042168
2010-09-30,-0.003946259,0.010881502,0.008273513,0.026232598,-0.012292258,0.000396835,-0.011529448,0.011062882,0.029059638,0.006601582,0.014620723,0.063379379,0.008268226,0.02168781,0.001347361,0.019080744,-0.008722424,0.002321588,-0.00930915,-0.003101582,-0.042302531,-0.012463198
2010-10-31,-0.006054038,0.00533535,0.008639731,0.003183719,-0.016089755,0.006804895,-0.000831725,0.016043741,0.032078392,-0.008682509,-0.002490295,0.00283072,0.012663826,-0.002935824,0.012259119,-0.008762188,0.001768004,0.01514725,-0.004163525,-0.002574442,-0.117334256,0.031742832
2010-11-30,-0.00774973,0.024811005,-0.016374902,0.043635073,-0.001858812,0.01195433,-0.023950299,0.035088719,-0.015048959,0.05856944,-0.034184511,0.086714662,0.014432614,-0.010775418,-0.034272642,0.033238088,-0.006209081,0.016668541,0.001947728,0.001196766,0.029149353,0.011467287
2010-12-31,0.000222112,0.001069961,0.018586205,-0.005530562,-0.012320405,0.005578062,0.017689079,-0.031670141,0.010118233,-0.001699882,0.018760915,0.023605532,0.027822678,-0.007734841,0.0174328,-0.004443134,-0.035314251,0.019872243,0.008053627,-0.017216883,-0.051968988,0.050930462
2011-01-31,0.018819291,-0.024612528,0.022526354,-0.034648177,0.016287399,-0.017758266,0.012697285,-0.017861907,0.033817989,-0.033741889,0.058398691,-0.097470725,-0.01787331,0.016699622,0.041713829,-0.045431281,0.028169491,-0.028923485,0.005097438,-0.005282383,-0.002466144,-0.001986284
2011-02-28,-0.006763715,0.007681339,-0.006840795,0.006615543,-0.006711071,0.008409269,-0.004609468,0.022158858,-0.021376169,-0.000815751,0.002408546,-0.004156832,-0.007062029,0.005009539,-0.003009131,0.000396685,0.002834181,-0.007551043,-0.001164314,0.002792714,-0.046887063,0.066860688
2011-03-31,-0.005456813,0.012457989,-0.007718399,0.020754393,-0.003912169,0.006791617,-0.007841772,0.021732665,-0.034712344,0.027035694,-0.00381722,0.029722807,0.013858209,0.002494757,-0.028102208,0.022841594,-0.009808608,0.008858306,-0.000657989,0.003681617,0.023704828,-0.004837214
2011-04-30,-0.011502885,0.015882904,-0.008896279,0.020508106,-0.013283174,0.012723931,-0.01406446,0.003801654,0.003753532,0.022300125,0.005858791,0.031585782,-0.031679057,0.02883009,0.003784694,-0.008714193,-0.021399182,0.023153882,-0.007173775,0.007685036,-0.03077585,0.026581916
2011-05-31,-0.004205686,0.002941432,-0.007967349,0.002328177,-0.001636502,0.00336028,-0.000195727,-0.009226771,0.014863247,-0.00986995,-0.023717811,0.018692456,-0.021948148,0.010587396,-0.003694855,0.00921024,-0.01361464,0.005048514,-0.002067222,0.002560064,0.027312674,-0.003841365
2011-06-30,0.003753753,0.003734602,-0.005540543,0.017689784,0.010101676,-0.005796668,-0.012257534,0.023458545,-0.0114769,0.031826589,-0.010968754,0.027086364,0.016158992,-0.015396959,0.024656222,0.007695484,-0.016500682,0.004595117,0.00166657,-0.001236892,0.076701766,-0.054808173
2011-07-31,-0.020944644,0.011006788,-0.023226596,0.013063707,-0.01938609,0.00960193,-0.0064563,0.010046325,-0.041832117,0.013864497,-0.035877848,0.007614669,-0.013479302,0.023087878,-0.016325996,0.010348835,-0.039604847,0.016882009,-0.009307146,0.002817059,-0.008318199,0.012865727
2011-08-31,-0.017199281,-0.004142164,-0.013654413,-0.012943109,-0.019620395,0.001868804,-0.001436359,-0.012580109,-0.026988793,-0.019396132,-0.032077492,0.00118797,0.004333612,-0.024249217,-0.046611285,-0.011521969,0.015705366,-0.010541649,-0.009903561,0.000904808,-0.096043719,0.044713058
2011-09-30,0.01076737,-0.038270997,-0.00386492,-0.031616017,0.020761098,-0.04281629,-0.007180167,-0.035846058,0.011274023,-0.049673674,-0.029852377,-0.003751929,0.017473517,-0.041820522,-0.010265624,-0.051782652,0.048096102,-0.076201658,-0.00609466,-0.011325839,0.071124161,-0.053280662
2011-10-31,0.005856191,0.006375681,0.019415166,-0.00563951,-0.003404471,0.014581953,0.021643076,-0.001597222,0.042150517,0.001160414,0.014602667,-0.007938138,0.00010688,-0.015109358,-0.014238234,0.024507796,-0.00907361,0.032546578,0.001837139,-0.005358652,0.004515373,0.023718941
2011-11-30,-0.007208243,0.021707121,-0.013368388,0.036316026,-0.003000918,0.011729365,0.01047339,0.015773703,-0.025271468,0.050288306,-0.037495496,0.059529132,-0.006176269,0.023600922,-0.046877928,0.026817597,0.002903079,0.001718186,0.002493935,0.005513625,0.012752743,0.03588226
2011-12-31,-0.002669655,0.006825279,-0.000690472,0.012766161,-0.00402142,0.002767707,0.024931017,-0.003403684,-0.030015504,0.033061056,-0.023188979,0.021104643,0.018893793,0.005743626,-0.005859316,0.003155779,-0.011229996,-0.011356878,0.000983799,0.010643203,-0.001198356,0.009854496
2012-01-31,0.002883384,-0.023714014,0.009917207,-0.06555071,-0.001920656,0.004860088,-0.015032502,-0.062238073,0.016770292,-0.073886885,0.019387353,-0.08947581,0.026834512,-0.033282849,0.012599754,-0.013312568,-0.018348764,0.019067265,0.000567413,-0.00056691,0.011399244,0.008463287
2012-02-29,0.003251074,-0.016327504,-0.003062334,-0.033307253,0.007563077,-0.004730482,-0.009156423,-0.015076072,-0.02312801,-0.001619143,-0.001163053,-0.037854097,0.022594529,-0.084021275,-0.003314287,-0.002142352,0.022852144,-0.024408491,0.008020183,-0.008297439,-0.015499466,0.045064515
2012-03-31,-0.009826155,0.012691463,-0.019483625,0.025853862,-0.003230187,0.003701657,-0.02682048,0.021725548,-0.004903807,0.014625742,-0.033021969,0.035867414,-0.006979136,0.030424789,-0.018719187,0.017439861,0.021497202,-0.014457186,0.001588809,3.68202E-05,-0.054432972,0.039282721
2012-04-30,-0.017242876,0.027575596,-0.030847362,0.053954149,-0.007951129,0.009559273,-0.004745408,0.042415156,-0.014482321,0.027395184,-0.064769697,0.098149787,-0.042351919,0.042522649,-0.064389912,0.039753024,-0.008609385,0.01062053,-8.99809E-05,0.006086177,0.027679875,-0.013135259
2012-05-31,-0.014471024,0.035687888,-0.025917318,0.063637922,-0.006653305,0.016598256,-0.007455712,0.05838314,-0.037601281,0.070712031,-0.045472084,0.08214216,-0.016910561,0.041848568,-0.038819178,0.033080993,-0.009938511,0.020405517,-0.013533636,0.014505451,0.052688577,-0.002128871
2012-06-30,0.012046718,-0.016753429,0.016521555,-0.021057347,0.008990443,-0.01381389,0.0133011,-0.001495773,0.011029578,-0.02995243,0.038260918,-0.057420275,0.000134047,0.003977064,0.051508645,-0.033583439,0.001086463,-0.001725552,0.011379204,-0.010281128,-0.023880558,-0.029941388
2012-07-31,-0.020898523,0.026425411,-0.020248624,0.034408596,-0.021342399,0.020972965,0.023968077,0.012358455,-0.026136921,-6.66934E-05,-0.032174969,0.051333496,-0.062137823,0.078245247,-0.048898492,0.04646771,-0.017134561,0.026084349,-0.008662026,0.003861326,-0.039172105,0.033738829
2012-08-31,0.001690669,-0.008261257,-0.010638041,-0.006861601,0.010111072,-0.00921721,0.003614823,-0.017679279,-0.029985905,0.00994295,0.026836332,-0.051849969,-0.057083844,0.046290005,0.034275118,-0.033763234,0.027148227,-0.030389504,-0.000443691,-0.001129863,-0.020233724,0.037486339
2012-09-30,0.016205941,-0.01663734,0.010072133,-0.004875881,0.020395279,-0.024670316,0.001655202,-0.01252973,0.033183584,-0.023251522,0.009425601,0.004729977,0.00029444,0.012040054,0.009251536,-0.021237099,0.00360229,-0.009953607,0.005669795,-0.003473964,0.110092214,-0.120835039
2012-10-31,0.009889071,-0.005081434,0.013161296,-0.001722386,0.007654169,-0.007375635,0.02967996,-0.006864743,0.029463093,-0.005689771,-4.12814E-05,0.009329132,-0.00983511,-0.004004247,0.03405034,-0.033433458,0.010325781,-0.005710365,0.008200144,-0.007895004,-0.0262624,0.016843357
2012-11-30,0.003803224,0.002748041,-0.007742957,0.00480541,0.011689166,0.001342875,-0.014853695,0.011507675,-0.056147303,0.029055449,-0.005460397,0.021053504,0.046284609,-0.047631884,0.012035077,0.013390231,0.007839791,0.001825148,-0.002479063,0.000574757,0.060493184,-0.00962188
2012-12-31,0.02478766,-0.010574887,0.043931455,-0.020272629,0.011712613,-0.003951413,0.018451895,-0.021319246,0.036750279,0.004276639,0.045443397,-0.024104315,0.084760312,-0.037929032,0.037519357,-0.032389866,0.028073013,0.010102482,-0.006861562,0.002556765,0.004318316,-0.024133718
2013-01-31,0.009921704,0.009381986,0.004984684,0.01156196,0.013293647,0.007893083,0.013972236,-0.000261485,0.016874395,0.020022082,0.017158249,-0.005121208,-0.033787844,0.040064478,-0.009518832,-0.017448498,0.013154671,0.028547965,0.01425731,-0.004924157,0.033816974,0.026273339
2013-02-28,-0.013268506,0.015195683,-0.01364996,0.033585555,-0.013007976,0.00263556,0.00473294,0.018212318,-0.021116884,0.061996055,-0.044870354,0.046296005,0.005454346,0.012326058,-0.043951838,0.024643331,-0.019340467,-0.014159861,-0.001300959,0.005630278,-0.002056991,0.00772639
2013-03-31,-0.01129137,0.016495065,-0.019985992,0.040011966,-0.005353018,0.000433225,0.010519787,0.009342358,-0.045565184,0.066719806,-0.016924019,0.023563006,-0.04168884,0.076994164,-0.021269466,0.024073518,-0.014463093,0.000774532,-0.000636549,-0.001453557,0.016572296,-0.018692088
2013-04-30,0.009544087,0.010219523,0.004490992,0.017093643,0.012995307,0.005524558,-0.00693731,-0.004229303,0.021858086,0.035918687,0.025127277,0.001383457,-0.021172643,0.047710807,0.05095754,-0.016332108,0.012353059,0.012292867,-0.009828338,0.006023601,0.041992914,0.011646337
2013-05-31,0.011719092,-0.008396005,0.010905411,-0.016821878,0.012274829,-0.002641206,-0.002012114,-0.004191029,-0.011315454,0.013592801,0.029737618,0.006390946,0.027792043,-0.091927301,0.010117508,-0.009103036,0.03469164,-0.018742541,-0.002929011,-0.000503454,0.010393511,0.032154126
2013-06-30,-0.002711785,-0.001017901,-0.010273208,0.005896228,0.002452603,-0.005740192,-0.003590285,-0.010730788,-0.038186159,0.036716625,-0.020823022,0.016788373,0.020078311,-0.013744596,-0.031828877,-0.005410311,0.023934209,-0.033180918,0.010130816,0.007692885,-0.031108132,0.013847606
2013-07-31,0.004054569,0.013890813,0.005584119,0.018674941,0.0030099,0.010623296,-0.012669522,0.016643848,0.016678505,0.017621992,0.019284232,0.031766452,0.003915386,0.006754562,0.013392622,-0.009698989,0.003052316,0.025024892,0.001353789,-0.001257943,-0.002770297,0.034617892
2013-08-31,0.005518034,-0.009499056,0.004481742,-0.022478415,0.006225812,-0.000634266,-0.013545432,-0.006922349,0.017829262,-0.038534011,0.004741127,-0.0308544,0.016522644,-0.018650622,0.011985244,-0.011717585,0.011476438,-0.001597448,0.007849024,0.004259354,-0.015505493,-0.001526936
2013-09-30,-0.004930266,0.016435894,-0.003797524,0.031398573,-0.00570392,0.006216514,-0.008805469,0.023605505,0.007545683,0.030242006,0.002590251,0.021080207,-0.015452292,0.055879561,0.03476612,0.029996505,-0.030073748,0.004123828,-0.001530788,-0.001368152,-0.006430792,0.008613197
2013-10-31,0.010205284,0.002349212,0.018909394,0.007752494,0.004260453,-0.001341183,0.027105269,0.016261425,0.010317811,0.030712294,0.026454767,0.013303156,0.006635509,-0.03307033,0.01900858,-0.019866518,-0.002145921,-0.000465823,0.003210389,0.005975092,0.006125306,-0.005658012
2013-11-30,-0.001752306,0.018501352,-0.008803903,0.023859561,0.003063874,0.014841741,-0.012348629,0.021504109,-0.022065962,0.040818277,-0.012031036,0.022677648,0.012881296,0.01218368,0.00012935,0.00099491,-4.60258E-05,0.024594134,-0.003155079,0.007694185,0.030637579,0.028582427
2013-12-31,-0.005902967,0.014264857,-0.005359824,0.016066087,-0.00627393,0.013034632,-0.002855451,0.004564517,-0.007555497,0.036541443,-0.012904435,0.014664484,0.002351088,0.014071102,-0.022758206,0.018103116,-0.009742066,0.027584874,0.001800204,-0.001996246,-0.00554439,0.020197614
2014-01-31,0.003095988,0.004825467,-0.008531555,0.019251017,0.011037499,-0.005027058,-0.017377773,0.018611192,0.002698807,0.040840328,-9.90443E-05,0.0133108,-0.017163747,0.006429667,-0.009449515,-0.012628606,0.017208046,-0.005401352,0.000847533,-0.005868204,0.047925703,0.005869968
2014-02-28,-0.003437147,0.000248142,-0.006600992,0.01462887,-0.001276268,-0.009573772,-0.017031109,0.026283618,-0.012074701,0.019980461,-0.003080845,0.024344443,0.009065105,-0.018594252,-0.033619861,-0.01782799,-0.021126412,0.005470701,-0.001092644,-0.001044391,0.073288258,-0.058070682
2014-03-31,0.012976885,-0.012337581,0.040630515,-0.037009182,-0.005910306,0.004512909,0.063399501,-0.040193923,0.028086054,-0.039334469,0.045237768,-0.031697221,0.015299907,-0.036702116,0.008332678,0.024004872,-0.023904137,-0.009508286,-0.008285602,0.007731591,0.025084483,0.005558514
2014-04-30,0.017789514,-0.018018635,0.038438878,-0.045702669,0.003686177,0.000889321,0.047709431,-0.048336277,0.038531503,-0.068792107,0.03905858,-0.041617333,0.024610534,-0.024606611,-0.010941949,-0.00710043,0.005401044,0.000514543,-0.000898946,-0.002481761,0.028012446,0.019485149
2014-05-31,-0.002166698,-0.000552479,-0.008473804,0.006460398,0.002141001,-0.005342214,-0.007669898,0.015605442,-0.003808235,-0.002335804,-0.013330501,0.00750568,-0.008256792,0.00089175,0.009115667,-0.010293425,0.004013633,-0.018847687,0.002760138,-0.00660208,-0.010688549,0.032187222
2014-06-30,-0.009992773,0.003191328,-0.005930288,0.003314907,-0.012767415,0.003106924,-0.008345447,0.00607982,0.003836456,0.004097232,-0.011229293,0.00139724,-0.005602504,0.000995809,-0.002549473,0.007563547,-0.017416789,0.007163325,-0.006286076,0.005083943,-0.031842744,-0.015776868
2014-07-31,-0.006253189,0.002163116,-0.00607106,-0.001154968,-0.006377582,0.004429339,0.003572685,-0.013873417,-0.005473321,-0.001763666,0.0006263,-0.018932976,-0.028239045,0.038692922,-0.024012043,-0.00922596,0.00204927,-0.005662445,-0.00414711,0.005074613,-0.013063304,0.037931797
2014-08-31,-0.009356143,0.00192489,-0.019491547,0.008767901,-0.00243375,-0.002748828,-0.014833978,0.0081527,-0.030535304,0.008202509,-0.024492022,0.005122084,-0.009308123,0.014572797,-0.02153241,0.001076943,0.002191887,-0.010010969,-0.005948466,-0.000897885,0.017082237,0.003585662
2014-09-30,-0.009133149,0.009687092,-0.009203261,0.006319733,-0.009085264,0.011986968,-0.024353183,-0.009110417,0.018155927,0.035402364,-0.022890065,0.005809729,0.002069555,0.000430487,-0.018616065,0.029054861,0.007272025,-0.010137564,-0.001937385,0.002489233,-0.055113936,0.069539786
2014-10-31,-0.006096907,0.002592096,-0.024182083,0.008971381,0.006255113,-0.0017649,-0.019084809,-0.008286416,-0.035355552,0.046595494,-0.037564016,0.004228889,-0.004383464,0.002485666,-0.011152395,-0.009908244,-0.020382258,0.017667041,-0.000946055,0.002205423,0.101603926,-0.046595227
2014-11-30,-0.010809586,0.012828074,-0.016937276,0.013269713,-0.006624426,0.012526439,-0.029737721,0.010494665,-0.021666193,0.046141886,-0.020928691,0.000599161,0.010387273,0.000643341,-0.005308657,0.028518889,-0.025178808,0.014457405,-0.0031451,0.002072002,0.021700689,0.022456085
2014-12-31,-0.012865122,0.016040867,-0.004527602,0.011626267,-0.018559576,0.019056001,0.002891834,0.010489636,-0.024395506,0.010523179,-0.014530421,0.018914744,0.016351369,0.005497907,-0.026286829,0.029941383,-0.021050723,0.031674789,-0.005723889,0.005333373,-0.042503825,0.020706553
2015-01-31,-0.004003029,0.013145652,-0.017525288,0.036499574,0.005232557,-0.002804876,-0.024307477,0.041249263,-0.02888756,0.024915372,-0.005241091,0.03711018,-0.011843359,0.040311046,0.008804762,-0.005613799,0.002156961,-0.00722068,0.003884453,-0.002147412,0.012103538,0.007577892
2015-02-28,0.008029613,-0.016526371,0.0048949,-0.026186962,0.010170595,-0.00992827,-0.011535794,-0.022330787,0.039440136,-0.031402333,-0.002559456,-0.023503878,0.003497705,-0.029781933,0.01680485,-0.021573487,-0.007618192,0.021501133,-0.006925704,0.002653913,0.0909138,-0.101767382
2015-03-31,-0.017041078,0.019067561,-0.02141591,0.015189655,-0.014053106,0.021716136,-0.021595918,0.030714428,-0.00803609,0.021145718,-0.034775898,0.015544469,-0.017995332,-0.01275473,-0.008272254,0.004392389,-0.010274972,0.022033943,-0.006245626,0.009677657,-0.050514965,0.073275082
2015-04-30,0.036396968,-0.035224833,0.044441641,-0.051141778,0.030902526,-0.024353696,0.038603984,-0.067901118,0.043056536,-0.058447226,0.045922823,-0.044712957,0.052176098,-0.028341582,0.047863626,-0.032641344,0.012463522,-0.020301389,0.011451288,-0.008535494,0.109422043,-0.070346761
2015-05-31,-0.012805487,0.017643428,-0.024667009,0.037435799,-0.00470417,0.004125409,-0.042548676,0.06479045,-0.029308318,0.030717246,-0.034796606,0.041051855,0.017094633,0.001239465,-0.0095755,0.018476176,-0.003079443,0.010495543,0.008323323,-0.00807841,-0.04088945,0.011264588
2015-06-30,-0.006835945,0.001797284,-0.028944512,0.023348217,0.008264016,-0.012921818,-0.034942854,0.028970332,-0.012174303,0.015547825,-0.023417116,0.014784167,-0.043422759,0.033339861,0.000289558,0.01218851,0.003150187,-0.016830116,0.012359091,-0.013510151,0.015422844,-0.028186881
2015-07-31,-0.024577787,0.029915898,-0.044921227,0.051797193,-0.010683393,0.014971163,-0.063864947,0.081228809,-0.032479222,0.062533198,-0.043619999,0.049766185,-0.031976317,0.002617772,-0.029307792,0.01151569,-0.011055988,0.011019482,-0.007989343,0.003305922,0.001118458,0.060599806
2015-08-31,0.004711855,-0.000804535,0.010438968,-0.000683821,0.000800286,-0.000886981,0.034167674,-0.016521195,-0.016159843,0.021476482,0.01399517,-0.000413856,-0.001376412,-0.000247819,-0.017228544,-0.005292013,0.009083852,0.005292732,0.001364313,0.000430103,-0.00036855,-0.013470152
2015-09-30,-0.004956089,0.013113689,-0.020125954,0.034513107,0.005404798,-0.001501929,-0.015597496,0.036952511,-0.048478093,0.05952455,-0.022708687,0.031298046,0.004063252,0.010780977,-0.010361785,-0.011039301,0.00359548,-0.00321744,0.004619293,-0.003150878,0.027446962,0.016550213
2015-10-31,0.009003376,-0.012953715,0.025613746,-0.029173609,-0.002341364,-0.001875666,0.02946454,-0.033067492,-0.013476888,-0.007059425,0.031408775,-0.025133603,0.051037017,-0.049976078,0.018942474,0.011980769,-0.005521393,-0.020640566,-0.00681345,-0.007701999,-0.00408932,0.041125103
2015-11-30,-0.012602505,0.012565072,-0.030389529,0.017099218,-0.00045412,0.009468288,-0.01752174,0.014078661,-0.062100831,0.037958482,-0.02410909,0.016772503,-0.025324787,0.001551776,-0.023069265,0.052881424,0.00454732,-0.010626004,0.002935368,-0.001866314,0.00186584,0.041409649
2015-12-31,-0.013497703,0.018892507,-0.019944541,0.031892801,-0.009094569,0.010013419,-0.030154234,0.031118558,-0.017477988,0.046448532,-0.024090283,0.036885751,-0.003023734,0.012879787,-0.011578337,-0.017178163,0.000220773,0.011804635,0.007349502,0.006109794,-0.074010083,0.044879874
2016-01-31,0.004847956,-0.001080818,0.020778038,0.00261246,-0.006032152,-0.003603295,0.039873899,-0.006181918,0.013647181,-0.001368244,0.023774636,0.000976133,-0.002698929,0.020759704,-0.03920481,-0.011455196,0.020007204,-0.004432574,-0.002813189,0.000371991,-0.037585422,-0.005389655
2016-02-29,0.011135904,-0.016348996,0.025053748,-0.034431155,0.001630137,-0.003999037,0.036556551,-0.045856001,0.060099678,-0.067199622,0.026034058,-0.038051868,-0.026143191,0.017637521,-0.01487322,-0.042385139,0.032454226,-0.001437795,-0.003457249,-0.004039968,-0.032985754,0.029355636
2016-03-31,0.021543468,-0.016419905,0.027450252,-0.018046456,0.017509185,-0.015308985,0.039077292,-0.032314618,0.040025543,-0.012508236,0.033987597,-0.03210107,-0.008888396,0.013538615,0.026156558,-0.001007139,0.016989575,-0.033290532,0.000700785,0.002902246,0.058440235,-0.043851826
2016-04-30,0.028277525,-0.021577066,0.037141805,-0.043012764,0.022223299,-0.00693667,0.033898669,-0.042617949,0.052656511,-0.068521419,0.036215818,-0.038785724,0.027797915,-0.023991753,0.005701114,-0.005579148,0.024068896,0.00041721,0.002404387,-0.000819337,0.092173981,-0.041707019
2016-05-31,-0.021681993,0.012270246,-0.030523771,0.036162883,-0.015643135,-0.004048218,-0.02336759,0.028923515,-0.051242676,0.066273522,-0.03087213,0.035416563,-0.02009368,0.018085935,-0.028626542,0.01403699,-0.026098492,0.000483195,-0.006061378,-0.005936418,-0.007848163,-0.026531939
2016-06-30,0.003807377,0.040812349,-0.008249118,0.066789828,0.012041858,0.023069955,0.010679396,0.059744842,0.017516498,0.067383236,0.007540496,0.053635484,-0.078733013,0.091949438,-0.038395861,0.034989843,0.04190344,0.051576781,-0.001470832,-0.004100432,0.038043505,0.028517871
2016-07-31,0.004616125,-0.010495208,0.011354425,-0.038667688,1.39248E-05,0.008746353,-0.002785264,-0.031909064,-0.014367313,-0.016797843,0.006068069,-0.031248853,0.06242063,-0.078236055,0.01951057,-0.010096373,-0.00308627,0.007664154,-0.007137815,0.005515877,0.007636322,0.039396205
2016-08-31,0.014578185,-0.025776772,0.026794344,-0.055270939,0.006234655,-0.005632511,0.00316962,-0.028667666,0.028602099,-0.062953785,-3.01929E-05,-0.026027335,0.090496795,-0.12038208,0.027570116,-0.016827281,0.000952614,0.00178843,-0.008080062,0.006801046,0.037356835,-0.046126631
2016-09-30,0.014386236,0.015679549,0.006450853,0.028983242,0.019806034,0.006593241,0.011711668,0.005828958,0.030611175,0.065686687,0.008925062,0.008076813,-0.027271802,0.051140826,0.01055832,0.005618247,0.021091846,0.009663908,0.002940459,-0.002263769,0.075088388,0.026584651
2016-10-31,0.017832882,-0.010488155,0.03229405,-0.021803952,0.007956028,-0.002759564,0.01330639,-0.01047695,0.066032587,-0.034810977,0.02303674,-0.017670088,0.037434255,-0.03008185,0.064009665,-0.033422138,-0.016590247,0.02244233,0.012082104,-0.011281692,-0.007975211,-0.001145461
2016-11-30,0.004851657,-0.021222525,0.030647962,-0.034044548,-0.012766996,-0.012465195,0.027460318,-0.03474919,0.034589577,-0.02373204,0.004584981,-0.012492904,0.062728291,-0.069016843,0.001276689,0.00240687,-0.031057584,-0.041412081,-0.008485165,0.004227787,-0.000161394,-0.013736432
2016-12-31,0.014513104,-0.023702723,0.018809591,-0.024102346,0.01157864,-0.023429783,0.00671157,-0.010432224,0.024089972,-0.052230903,0.021570342,-0.020520403,0.027327727,-0.020373366,0.022046919,-0.041804727,-0.002473349,-0.018333639,-0.00395072,0.004944535,0.075934127,-0.097743043
2017-01-31,0.004353143,0.010643389,0.001163172,0.011427142,0.006531867,0.010108092,-0.003754633,-0.004063286,0.009304715,0.03734031,-0.005104674,0.000403723,0.007738124,0.021364298,0.004910776,0.023566674,0.015940854,0.018858271,0.005994015,-0.009354742,-0.010411913,0.034017998
2017-02-28,-0.002894243,-0.00116398,-0.014765613,-0.012598987,0.0052138,0.006646032,-0.024722979,-0.014520514,-0.027780439,-0.027577454,-0.017768652,-0.003779538,0.015396804,-0.006053616,-0.009276317,-0.006740272,0.001522348,0.011859416,-0.000850294,0.013218863,0.04523972,-0.009989016
2017-03-31,-0.005428155,-0.010397661,-0.011896605,-0.000828497,-0.001010259,-0.016933318,-0.014363748,-0.000649802,0.000450694,0.000955093,-0.004391315,-0.008519131,-0.029430561,0.006469039,0.021470458,-0.023647718,0.004664196,-0.024525919,0.004643343,-0.002224482,-0.052153091,-0.036393213
2017-04-30,-0.00935547,-0.01082227,-0.019146559,-0.004877387,-0.002668241,-0.014882574,-0.026875649,-0.000957576,-0.021269042,-0.01069898,-0.021470707,0.002240277,-0.003460051,-0.013322211,0.003446602,-0.000295877,-0.00444733,-0.026858697,0.005279219,-0.004426169,-0.027980614,-0.034167109
2017-05-31,-0.010811603,-0.002511705,-0.031284514,0.004198727,0.003171218,-0.007094871,-0.041274528,0.026358429,-0.010384241,-0.016798972,-0.013304459,0.001667422,-0.059178148,-0.003495071,0.017243217,-0.001845585,0.000192178,0.000715451,0.00334763,-0.001069337,-0.005157276,-0.046502031
2017-06-30,0.002555234,-0.00060936,0.00749832,-0.000913022,-0.000820851,-0.000401961,0.007920587,-0.015403566,0.00562555,0.027285859,0.000405973,-0.006489922,0.017269429,-0.001154879,0.010690111,0.004450316,-0.004699472,0.001616596,-0.001993892,-0.005101333,-0.000744356,0.003956284
2017-07-31,0.019261581,0.006902879,0.014449983,0.021721241,0.02254786,-0.003217934,0.008570058,0.016040291,0.035275859,0.029529275,0.013739035,0.02304276,0.003405178,0.020537333,0.022529393,-0.002993218,0.030135927,0.004870871,-0.003505464,-0.001097614,0.081570136,-0.026875219
2017-08-31,-0.001579315,0.010265603,-0.008962655,0.022603408,0.003463442,0.001838988,-0.01660273,0.028246184,0.007363819,0.023538409,-0.01177487,0.022449187,-0.010655565,0.013977397,0.005013782,-0.007964759,0.019297438,-0.009154164,0.000526967,0.005278612,-0.023499455,0.025315527
2017-09-30,0.002155742,0.001202559,0.011818862,-0.001518519,-0.004444085,0.003061031,0.015806286,-0.004630522,0.007879116,-0.008800588,0.008945993,-0.000342068,0.01350531,0.008467023,0.008045139,0.013124464,-0.016728629,-0.005810715,-0.00890558,0.002239159,0.022128343,0.014267003
2017-10-31,-0.003078023,0.015156922,-0.010358196,0.031687095,0.001894272,0.003866956,-0.02047484,0.047185894,0.006339647,0.032958993,-0.01523155,0.030130027,-0.006454456,0.010614716,0.001113259,0.002465349,-0.008390406,-0.005677266,0.000190905,-0.005748825,0.029606958,0.053471569
2017-11-30,-0.001016834,-0.004177722,-0.003646525,-0.005795369,0.000779222,-0.003072883,0.004403875,-0.014501032,0.009504181,-0.009237703,-0.001970431,-0.01200908,-0.029668017,0.01722604,0.009957525,0.008884253,-0.010625877,0.000226961,0.000349491,-0.00264299,0.017166011,-0.023435044
2017-12-31,0.008924793,-0.001925394,0.014501437,-0.019278914,0.005115993,0.00992691,0.017020172,-0.038261693,0.01885088,-0.004925762,0.012115555,-0.026445886,0.009641886,0.002082865,-0.001024178,-0.006531752,0.008821945,-0.001601574,0.001276397,0.00790655,0.014467939,0.057029032
2018-01-31,-0.004156442,0.02029234,-0.025541118,0.030807606,0.010449107,0.013110504,-0.043979463,0.046632067,-0.002648807,0.032549173,-0.02917978,0.033964349,-0.017455318,0.003140928,0.037127059,0.051834806,0.017481201,0.016318646,-0.007114656,-0.002405229,0.019217592,0.011996358
2018-02-28,-0.01288306,-0.004724568,-0.019772649,0.013029611,-0.00817753,-0.016850519,-0.03181337,0.028214082,-0.007309405,0.007091661,-0.015851566,0.01195728,-0.019680884,-0.00121365,-0.018721621,-0.01151411,-0.010576783,-0.028350814,-0.00547789,-0.000383596,-0.000205346,-0.045181037
2018-03-31,0.005092488,-0.000512776,0.005072618,-0.006169602,0.005106058,0.003350787,0.012930371,-0.007946796,0.019423379,-0.013660399,0.007958605,-0.001444856,-0.02329838,-0.002131112,-0.000860714,-0.005144837,-0.00825758,0.004633024,0.000974024,-0.001857119,0.051650874,0.024215963
2018-04-30,0.012030926,-0.005467351,0.030873881,-0.020608986,-0.00083865,0.004874254,0.021731309,-0.015651136,0.036963714,-0.014349192,0.02247893,-0.017033773,0.047918425,-0.037921865,0.025831055,-0.01002674,-0.012099842,-0.008459554,-0.005538016,0.006177669,0.0099285,0.044669337
2018-05-31,-0.018446437,0.015460973,-0.046938475,0.053193255,0.001013378,-0.01030985,-0.036020926,0.047353549,-0.045180722,0.055361649,-0.048698289,0.048544936,-0.06181623,0.064884408,-0.028278775,0.001691168,0.005156801,-0.02916418,-0.000382566,2.11414E-05,0.025723603,-0.011907186
2018-06-30,-0.002907652,-0.007913733,-0.00347932,-0.024346457,-0.002517208,0.003309675,0.004253778,-0.030799139,-0.006139758,-0.028080325,-0.012311497,-0.019241646,-0.001093846,-0.017847671,-0.010786482,-0.024607842,-0.004886851,0.010022061,-0.002570289,0.001569388,0.011046817,0.022131134
2018-07-31,0.008347747,-0.011020921,0.012501281,-0.019718398,0.005510919,-0.00508062,0.009902804,-0.017234316,-0.000150542,-0.010386732,0.007568697,-0.012498545,0.034326577,-0.04093012,-0.01878978,-0.016540894,0.01193146,-0.012389599,-0.003327454,0.003437452,0.04180747,-0.002482275
2018-08-31,-0.031857348,0.030764626,-0.059267968,0.049308424,-0.013136131,0.018099373,-0.076424508,0.065148673,-0.075293327,0.050039505,-0.072038294,0.059028558,-0.004328205,0.01468312,-0.046494753,0.033444899,-0.030703825,0.023318257,-0.000761803,-0.000512078,0.022362861,0.045203164
2018-09-30,0.010548789,-1.1492E-05,0.002117646,0.005997878,0.016307187,-0.00411584,-0.01314633,0.005094903,0.01930742,0.002662067,0.000311657,0.001679204,0.009060498,0.0156968,0.028871085,0.006106676,0.024979265,-0.01680997,-0.001891385,0.00387475,0.037635522,-0.010341266
2018-10-31,0.010534959,-0.012684899,0.030552458,-0.022355521,-0.003136821,-0.006079947,0.041897528,-0.031196058,0.01542901,-0.006980811,0.030571085,-0.025018528,0.029258114,-0.021625528,-0.014209469,8.98137E-05,-0.012405557,0.014251203,-0.005264907,0.005316844,0.034008901,-0.088717589
2018-11-30,-0.008162595,-0.023617438,-0.015032481,-0.016589999,-0.003470522,-0.028417118,-0.010067738,-0.021183507,-0.022109991,-0.005978519,-0.008010329,-0.023425944,-0.023611808,-0.012173359,0.006264064,-0.022167271,0.009633323,-0.027059015,0.004622475,-0.005136186,-0.064698617,-0.104859839
2018-12-31,0.001325808,-0.001264738,0.007768291,0.016086232,-0.003074352,-0.013115301,-0.012243115,0.013395802,0.024569011,0.023012502,-0.000789175,0.015254702,0.029880958,0.014160323,-0.00277477,0.008232013,-0.016765685,-0.010537836,0.007544852,-0.01224067,-0.004748904,-0.042687218
2019-01-31,0.009912926,-0.017424153,0.007890657,-0.035492202,0.011294119,-0.005083832,0.005232133,-0.037768848,0.015401776,-0.031095931,-0.011311798,-0.014605784,0.027505119,-0.061737458,0.012549204,-0.013415701,0.011084404,0.004177043,-0.003200763,0.004442519,0.05233682,-0.044006613
2019-02-28,-0.019404443,0.002267673,-0.043478065,0.005356237,-0.002962367,0.000158211,-0.051119384,0.008207221,-0.045014633,0.001460177,-0.03901221,-0.004837514,-0.036668274,0.017420167,-0.012408306,0.009568107,-0.012088806,0.006731531,-0.006415202,0.005228141,0.036063923,-0.038038919
2019-03-31,-0.008671443,0.01111417,-0.022994707,0.028366953,0.001111223,-0.000669332,-0.0155819,0.024240661,-0.026283562,0.030815123,-0.018966408,0.033315625,-0.035059112,0.025814809,-0.01425204,-0.001271187,-0.001700913,0.00458513,-0.002832251,0.00653894,0.03401221,-0.032121907
2019-04-30,0.004175967,-0.012654441,0.00095545,-0.034099128,0.006375553,0.001992095,0.007406362,-0.02489742,-0.011765103,-0.049039425,0.003098504,-0.028239431,0.001634151,-0.039609814,0.007913041,0.001700403,-0.00781983,0.003973181,-0.001121636,0.003208876,0.056849394,-0.005466515
2019-05-31,-0.021617291,0.023384222,-0.036515633,0.066357008,-0.011441852,-0.005965821,-0.037522306,0.0755617,-0.030250747,0.069124976,-0.029354317,0.070743938,-0.049798823,0.045491136,-0.028421325,0.040917955,-0.018318107,0.007802551,-0.003676178,0.005319229,-0.002029808,-0.115303246
2019-06-30,0.009383063,-0.007695762,0.014739473,-0.016415919,0.00572468,-0.00173997,0.013402403,-0.016717853,-0.001754108,-0.005337871,0.013868417,-0.018804507,0.033615483,-0.023827041,0.004195784,0.005645607,0.011315505,-0.011901349,-0.004101063,0.003610812,0.023680077,-0.002899747
2019-07-31,-0.014687065,0.002015459,-0.023533684,0.00140095,-0.008644901,0.002435163,-0.019074778,0.001307191,-0.02830562,-0.000763624,-0.02279766,0.014326448,-0.026054515,-0.011959072,-0.012992144,-0.01093288,-0.019506098,0.022402588,-0.012759832,0.003821157,0.030862655,-0.030807921
2019-08-31,-0.023074319,0.030731904,-0.033673006,0.058713272,-0.015835507,0.011620871,-0.035072955,0.083803111,-0.044488641,0.059659221,-0.019521576,0.063679171,-0.038313738,0.016650397,-0.021547585,0.019118046,-0.02935253,0.024012077,0.003842266,0.009108881,-0.037979899,-0.015199517
2019-09-30,0.027335171,-0.026467971,0.054711198,-0.055244868,0.008637581,-0.006813599,0.070986272,-0.069844171,0.051806612,-0.054596021,0.058746368,-0.054684362,0.029847466,-0.036089091,0.019180089,-0.015220678,0.005111731,-0.006499977,-0.002587955,-0.002864314,0.037966729,-0.010410335
2019-10-31,0.006078037,-0.015583899,0.002689147,-0.025245843,0.00839262,-0.008984874,-0.011266822,-0.017127177,0.002552523,-0.030465009,-0.004590686,-0.012982212,0.031156533,-0.046362243,0.018926261,-0.027728557,0.012561901,-0.01411056,0.005272392,-0.000804917,-0.002141673,-0.002735474
2019-11-30,-0.008393953,-0.006667166,-0.028466637,-0.011828881,0.005315516,-0.003141759,-0.032202286,-0.014079197,-0.030036993,-0.020743539,-0.029749433,-0.0084784,-0.020166056,-0.004093245,-0.022248364,0.02758416,0.006934632,-0.004365937,-0.005345436,0.002588322,0.060440242,-0.048060891
2019-12-31,0.013815668,-0.007340671,0.016611533,-0.002528156,0.011906117,-0.010627577,0.03292109,-0.020704416,0.008028929,0.013067224,0.019098682,-0.009279806,-0.000942424,0.016001175,0.006905418,-0.013932362,0.028142546,-0.023837197,0.003083169,-0.005658499,0.007689189,0.006619609
2020-01-31,-0.035179255,0.021059957,-0.054762956,0.036192076,-0.021803756,0.010724851,-0.058321825,0.056731774,-0.085577278,0.036306441,-0.060065383,0.045268131,-0.013579743,-0.00364587,-0.043234707,0.03370655,-0.034257324,0.022892161,0.000450563,0.007128539,-0.037810174,-0.028102931
2020-02-29,-0.014761191,0.001510041,-0.026475162,0.006066533,-0.00676065,-0.001602003,-0.038893322,0.017994374,-0.043554203,-0.003287022,-0.025583914,0.013824476,0.006370988,-0.010956604,-0.000439571,0.004281866,-0.02213573,0.008645219,0.005612854,0.001824159,-0.015972154,-0.039356617
2020-03-31,-0.056879059,0.034186146,-0.09469683,0.059284225,-0.031049847,0.017044375,-0.119426128,0.083164471,-0.050040489,0.062689963,-0.110601947,0.072290688,-0.084054135,0.006842521,-0.09708562,0.039564198,-0.039852166,0.049666633,0.020468697,-0.003146422,-0.09439213,-0.017160989
2020-04-30,-0.003985537,0.000424018,-0.025835379,0.014662012,0.010937716,-0.009300409,-0.000799051,-0.0110956,-0.075699665,0.057324565,-0.013654747,-0.00413925,-0.027380611,0.032166112,-0.009199422,-0.005596414,0.035963899,-0.040429634,0.00723043,-0.005951661,-0.011593117,0.043898982
2020-05-31,-0.001636962,-0.009408098,-0.050300658,0.023390089,0.031599923,-0.031808976,-0.065243907,0.028243453,-0.019903298,0.041343797,-0.063002732,0.0247801,-0.043443215,-0.002451491,-0.028091255,0.034012515,0.025184619,-0.025646025,-0.002893421,0.004443101,0.205145327,-0.216076595
2020-06-30,-0.00454815,-0.003327934,-0.021571684,0.014385639,0.007078777,-0.015426151,-0.031098194,0.008293755,-0.021147746,0.011079238,-0.004409547,-0.005862127,-0.029324693,0.050534236,0.019147189,-0.014798072,0.006647832,-0.017792162,-0.002249476,-0.001758491,0.022767639,-0.050468095
2020-07-31,-0.023428924,0.033846493,-0.053478337,0.066813682,-0.002905435,0.011330187,-0.043336097,0.05931445,-0.073850017,0.080935309,-0.039476206,0.057636782,-0.064871763,0.07473006,-0.037641797,0.032009355,0.035455337,-0.017736254,-0.002131146,0.00235437,-0.05218526,0.078586749
2020-08-31,0.000274934,-0.015319243,-0.015780811,-0.02340642,0.01124087,-0.00979577,-0.01735939,-0.017569465,-0.101298892,0.037580223,-0.001387953,-0.017873541,0.051787181,-0.097241535,0.000140456,0.007986887,0.024475335,-0.015228447,0.002985853,-0.003313056,0.017959259,-0.034828927
2020-09-30,-0.020276722,0.012394858,-0.037415193,0.03400298,-0.008571293,-0.002363302,-0.030724847,0.021173941,-0.024735597,0.039162008,-0.036523949,0.033207984,-0.060128762,0.047950257,-0.035070937,0.035019091,-0.033748814,-0.011658101,-7.14229E-05,-0.000489993,0.047481219,-0.025589795
2020-10-31,-0.009078226,-0.00066267,-0.000783865,0.001136853,-0.014743204,-0.001891729,0.00570283,-0.003920972,0.011585156,0.008924143,-0.001985958,0.002141511,-0.020387623,-0.000518168,0.007985492,-0.011071997,-0.009032981,-0.005187496,0.00111604,-0.007083815,-0.095685628,0.0294137
2020-11-30,0.043090739,-0.056281657,0.03383413,-0.09046298,0.049412923,-0.032936109,0.027708992,-0.070968807,0.069288955,-0.170650874,0.064842053,-0.114688867,-0.029260639,-0.011016524,0.099088024,-0.109372666,0.043656887,-0.005588723,-4.61043E-05,-0.001286375,0.154459106,-0.105757072
2020-12-31,0.002050044,0.001495011,0.002247426,-0.006723033,0.001915235,0.007107864,-0.014232322,-0.002941251,-0.001676448,0.000195318,-0.015553016,0.006115786,0.050599687,-0.034194314,0.005160339,-0.003239045,0.010946647,0.007068132,-0.003157712,-0.000902485,-0.006031826,0.040762034
2021-01-31,0.008803411,-0.002566226,0.017004967,0.009478135,0.003201819,-0.01079242,0.005626825,0.03272469,0.024584078,0.016106056,0.007845273,0.021738035,0.036664103,-0.044291739,0.004569097,0.001115885,0.005469531,-0.010011022,0.003805219,-0.005609382,-0.004771943,-0.039443336
2021-02-28,0.03057012,-0.032087348,0.053189235,-0.057034025,0.015121459,-0.015048983,0.059519121,-0.049461857,0.012886597,-0.046656566,0.045942248,-0.044702729,0.09203597,-0.092550653,0.033327717,-0.007081658,-0.001997671,-0.000466451,0.015497807,-0.00766953,0.03230078,-0.075597848
2021-03-31,0.023760512,-0.025347996,0.06799666,-0.049801001,-0.006452396,-0.008646805,0.097628343,-0.086998921,0.034907806,-0.033788842,0.070067256,-0.048903453,0.055977178,-0.014241236,-0.008604782,0.00151746,-0.005691994,-0.018829104,-0.00299643,-0.013241143,-0.015888987,0.016156139
2021-04-30,-0.014370286,0.009428394,-0.021173262,0.016814631,-0.009723911,0.004383657,-0.008689326,0.006218631,-0.046673139,0.017374018,-0.022086826,0.013635006,-0.012903897,0.034956451,-0.016178666,0.002181581,0.002879571,0.010189111,0.001502818,-0.010362079,-0.062602566,0.036767275
2021-05-31,0.015324751,0.000358285,0.037449846,-0.004862538,0.000213501,0.003924062,0.050303841,-0.00512581,0.032516779,-0.005802677,0.044878796,-0.008028674,0.015250167,0.000233241,0.027457056,0.010903246,-0.008022607,0.001364916,0.000232176,-0.003337415,-0.009696074,0.023330967
2021-06-30,-0.026886716,-0.001318721,-0.068871688,0.007466791,0.001788656,-0.007319151,-0.083677454,0.007131129,-0.071889892,0.006215916,-0.070208257,0.004434517,-0.04359254,0.012803144,-0.03493699,0.003504572,0.008342835,-0.017816314,-0.002309317,-0.00606736,0.036641386,0.000609286
2021-07-31,-0.014560778,-0.007000331,-0.020532365,-0.012728504,-0.010482235,-0.003088039,-0.023405923,-0.030027212,-0.047537397,0.017105351,-0.028189896,-0.01663863,0.018845927,-0.012626057,-0.039037905,0.036863807,0.006377907,-0.017525935,-0.007825509,-0.003535058,-0.025428109,-0.011200711
2021-08-31,-0.006281962,0.000759121,-0.0262811,0.00792994,0.007377276,-0.004138487,-0.022934557,0.014673731,-0.025258746,-0.004244063,-0.013763458,0.013910321,-0.047052794,0.003042747,-0.001849317,0.005894487,0.010455905,0.000784119,-0.000609865,0.000115081,0.03316221,-0.037074506
2021-09-30,0.013569763,0.011305717,0.035022934,0.011279831,-0.001082568,0.011323398,0.042447058,0.016208176,0.04669027,0.002414052,0.043033566,0.004612306,0.003675887,0.020987376,0.036520632,0.01585266,0.002022723,0.002215318,-0.000545415,0.006335609,-0.047205134,0.040647652
2021-10-31,-0.012873959,0.021097352,-0.03266582,0.033176596,0.000643711,0.012847333,-0.033611012,0.03474934,-0.051913236,0.036381797,-0.0387464,0.037041372,-0.005394193,0.023212682,-0.02506414,0.01860331,0.004692957,0.029590292,0.011113862,-0.00336296,-0.012327905,0.018031263
2021-11-30,-0.008439708,-0.012309494,-0.027217661,0.007050938,0.004385471,-0.025532502,-0.011751618,0.017384168,-0.055612575,-0.021604377,-0.01542778,0.006703201,-0.035644552,0.020703836,-0.023979256,0.003743516,0.014696938,-0.041899792,-0.00682776,-0.002241553,0.043314141,-0.087302198
2021-12-31,0.024577416,-0.004777169,0.051728154,-0.02116674,0.006033696,0.006416767,0.058559157,-0.029317791,0.055364219,-0.033572449,0.041486965,-0.019727554,0.05098697,0.00051902,0.000761288,0.008053488,-0.00515869,0.022602912,0.002874493,-0.006364892,0.044422967,0.007045244
2022-01-31,0.053041048,-0.002733012,0.133367918,-0.044519571,-0.00182151,0.025806846,0.125583055,-0.030930984,0.145474325,-0.051787021,0.123933668,-0.04866575,0.143943919,-0.051534256,0.045821513,-0.004972645,-0.01247717,0.010504738,0.001442178,0.008653085,-0.036500492,0.139131279
2022-02-28,0.003909285,0.003576633,0.027099309,0.007148867,-0.011929302,0.001136828,0.034545807,0.02739424,0.043727375,-0.016919192,0.023350399,0.014347596,0.005102133,-0.006624671,-0.037013152,-0.032521364,0.008900649,0.001311888,0.004778735,0.004937482,-0.079449841,0.023734374
2022-03-31,-0.005185393,0.020958391,-0.0002721,0.043733213,-0.00854113,0.005403384,0.023101328,0.053024592,-0.015203918,0.037287943,-0.000948021,0.055484629,-0.017770614,0.022776844,-0.043576964,-0.007641476,-0.002433186,-0.015014089,0.011452234,0.00344157,-0.044011517,0.067912704
2022-04-30,0.007093667,0.028259337,0.053393022,0.019869509,-0.024528392,0.033989518,0.060405035,0.023806884,0.07047189,0.035559634,0.055519358,0.01584413,0.02448465,0.004030434,0.007046384,-0.003393296,-0.024340762,0.022237213,-0.001217328,0.016210361,-0.124096737,0.148184828
2022-05-31,0.025274361,0.014186867,0.062847006,0.022072417,-0.000387431,0.008801104,0.067044858,0.027985319,0.086207364,0.025838558,0.065380102,0.006359101,0.031316659,0.029090046,0.029822136,-0.00634168,-0.003630173,0.002659366,-0.000708712,0.003392987,-0.022990942,0.052833705
2022-06-30,-0.002543171,0.000496978,-0.007061771,0.005652701,0.000542994,-0.003024336,-0.034600279,0.010934951,0.002922534,0.018980088,-0.026384113,0.014499168,0.045171543,-0.025306117,-0.008820585,0.005788895,-0.028887974,0.027318293,-0.008449988,0.005384182,0.098930565,-0.101119587
2022-07-31,-0.022201286,-0.013251928,-0.053166769,-0.035005066,-0.001052128,0.001605277,-0.039784154,-0.037846893,-0.057181159,-0.035207549,-0.067984641,-0.04106591,-0.050171664,-0.0235189,-0.053362864,0.020623265,0.010762255,0.003304714,0.012787047,-0.016508973,-0.013535996,0.031099554
2022-08-31,-0.004184303,0.025341752,0.007202407,0.03544829,-0.011961328,0.018439074,-0.002221823,0.037561347,-0.006987415,0.025094902,0.037094629,0.06320987,-0.001909328,0.009027012,-0.003240778,0.035046693,-0.014609891,0.022768683,-0.013651337,0.003813809,-0.010209348,0.034660922
2022-09-30,-0.004646197,0.007154723,-0.006714155,0.029654499,-0.003233799,-0.008212431,-0.025611074,0.028024963,-0.020535552,0.045251286,0.00682181,0.0401535,0.016814152,0.004194286,0.018466178,-0.007801184,-0.027108296,0.012311796,-0.015631501,0.002898935,0.061766215,-0.084630808
2022-10-31,0.00488696,0.004858153,0.0230321,-0.001096382,-0.007506013,0.008925048,0.03899789,0.041330326,0.021096952,-0.047139591,0.042142118,-0.002174896,-0.020512303,-0.014720514,-0.014100014,0.008127663,-0.003359289,0.002005579,0.007337912,-0.00785077,-0.052595708,0.07298166
2022-11-30,0.031338439,-0.039051802,0.012465097,-0.029302793,0.044228768,-0.045710291,0.016594236,-0.020739456,0.019061497,-0.040301002,0.00666655,-0.047308714,0.007290405,-0.00895557,0.06612002,-0.074651797,0.030714895,-0.025318197,0.01635493,-0.013223222,0.131561228,-0.153971464
2022-12-31,0.01785856,0.002644855,0.01919278,0.02026726,0.0169473,-0.009391096,0.005036813,0.021825013,0.029741145,0.026654554,0.015250038,0.007168427,0.033582611,0.027700612,0.011246285,-0.00623183,0.021608182,-0.024035525,-0.002871202,0.00709467,0.069958668,-0.028852738
2023-01-31,0.021170184,-0.048368318,0.024101179,-0.080532038,0.01916834,-0.026400775,0.019902164,-0.123818723,0.050644976,-0.095060573,0.032497213,-0.05726433,-0.005810124,-0.033874563,0.049072926,-0.050238387,-0.005109126,0.005909949,0.008139823,-0.010765266,0.072801233,-0.116645946
2023-02-28,0.006437229,0.003571742,0.014372248,-0.000706643,0.00101768,0.006493843,-0.02761185,-0.001663834,0.038443676,-0.017208192,0.020149789,0.015164027,0.042960579,-0.002541608,0.015676741,0.024825983,-0.015683117,0.004585406,-0.009366091,0.007027834,0.051953876,-0.009454867
2023-03-31,-0.020628237,0.006114594,-0.030997747,0.002154409,-0.013545952,0.008819365,-0.032434203,0.021154554,-0.020174069,-0.000392054,-0.056540726,-0.013454311,-0.008654566,-0.003188931,-0.045838087,0.030310306,-0.00714835,-0.000908347,-0.001156442,-0.002693859,-0.030444212,0.041206532
2023-04-30,-0.00328768,0.00673119,0.01544696,-0.000572918,-0.016083277,0.011719833,0.008724295,0.025688714,0.020129168,-0.020452214,0.008261923,-0.007708157,0.029002849,-0.009545558,-0.011745665,0.002780664,-0.025265609,0.022380947,-0.006629613,0.001390775,-0.028112421,0.027754119
2023-05-31,-0.020927919,0.011004557,-0.031462634,0.00709808,-0.013732799,0.013672647,-0.051719922,-0.008975,-0.024926441,0.028122505,-0.023458109,0.008700697,-0.019047528,0.007356133,-0.017067656,0.013793319,-0.022721384,0.010876581,-0.003790749,0.002016751,-0.01984837,0.053194731
2023-06-30,0.007506008,0.000518228,0.008830406,0.012301218,0.006601456,-0.007529452,0.004975745,0.012749388,-0.027673599,-0.007933785,0.023778879,0.020942215,0.031513482,0.020824845,0.032159156,0.00501303,-0.013990016,0.002524574,-0.00514284,0.006181984,0.058798975,-0.081289565
2023-07-31,0.022635901,-0.02076221,0.028019007,-0.025627126,0.018959286,-0.017439513,0.028479714,-0.039916506,0.035430147,-0.024929336,0.018902123,-0.036391424,0.031198273,0.006701869,0.033693472,-0.021339867,0.019003252,-0.01759769,0.008404352,-0.002616363,0.034485806,-0.055975009
2023-08-31,-0.004341436,0.013900383,0.004639612,0.014010708,-0.010475413,0.013825032,0.000675672,0.017688903,-0.007069392,0.016625818,0.000634444,0.010267099,0.026348344,0.010840781,-0.02408368,0.008092771,-0.025545868,0.022164303,8.57272E-05,0.004789718,0.004996199,0.027856545
2023-09-30,0.021201512,-0.005864082,0.036983268,-0.006021875,0.01042271,-0.00575631,0.014085152,-0.007599501,0.026718311,-0.019786435,0.044323049,-0.006215628,0.070150149,0.009735179,0.015529705,-0.003676126,0.012132862,-0.017066288,-0.001249967,0.00804571,0.035322186,-0.023513784
2023-10-31,-0.000595329,0.001601883,0.004334489,-0.003775138,-0.003962353,0.005274342,-0.004463617,-0.000131294,0.03260048,-0.022608252,-0.01249483,0.000477261,0.009618066,0.004205835,-0.008270274,0.00427175,-0.022742294,0.011925412,0.001983913,0.004323882,0.023393215,-0.005200663
2023-11-30,-0.011303772,0.010147212,-0.022226989,0.016761004,-0.003843308,0.005630049,-0.051175741,0.037474852,0.027897946,0.051257573,-0.008768241,-0.004705931,-0.046365727,-0.019747022,-0.000279829,0.0039326,0.00985948,0.004462103,0.001343231,-0.005967294,-0.051735115,0.043333175
2023-12-31,0.014145228,-0.027046143,0.001902341,-0.028975549,0.022507013,-0.025728375,-0.006247437,-0.033987487,0.027371361,-0.0216748,-0.000898844,-0.043351331,-0.00793192,-0.011679357,-0.027715404,-0.021736492,0.033754911,-0.029452128,0.021697636,-0.017724822,0.051432591,-0.044900562
2024-01-31,-0.014027669,0.032120795,-0.011946802,0.037218402,-0.015448883,0.028639174,-0.029313859,0.034384756,-0.013505282,0.030578178,-0.023484465,0.03365854,0.027809854,0.051903898,-0.022242738,0.066354506,-0.023972066,0.022682045,-0.008001501,0.006116351,-0.011867103,0.068389136
2024-02-29,-0.024215988,0.029465704,-0.037208829,0.047025192,-0.01534199,0.017472726,-0.045449387,0.065117103,-0.035282103,0.022258759,-0.049790088,0.037415275,-0.012354304,0.057211925,-0.013431771,0.0241443,-0.00606236,0.005176617,-0.010925034,0.011149627,-0.04987973,0.055313791
2024-03-31,0.007622098,0.013154654,0.039063449,0.000562899,-0.013852074,0.021754713,0.041188664,-0.008587741,0.036431916,-0.004949354,0.021748878,-0.003761439,0.059507373,0.023931728,0.017355632,0.025546054,-0.010901352,0.005249903,0.009382355,-0.001806456,-0.118740966,0.12128798
2024-04-30,0.014561346,-0.006441517,0.035437806,-0.010744299,0.000302904,-0.003502754,0.017579135,-0.019897389,0.037133439,-0.01124268,0.037880247,0.006344603,0.055879638,-0.018040275,0.032741195,-0.042928179,-0.018687019,0.010862827,-0.012691601,0.02019004,0.045744284,-0.062897942
2024-05-31,0.010816356,-0.006189147,0.014253384,0.015152236,0.008468895,-0.020765128,0.010226547,0.016336673,0.02119664,-0.016419641,0.020922952,0.013022784,0.005139414,0.046595149,0.000720675,-0.006593365,0.017342929,-0.005661769,0.004613779,-0.013988224,0.008429587,-0.086946152
2024-06-30,-0.021039768,0.010213178,-0.038665136,0.002245116,-0.009001794,0.015655295,-0.049303543,0.00736585,-0.027496696,0.000148599,-0.04106866,0.022495639,-0.031660364,-0.027320349,-0.030755744,0.019419708,-0.010935831,0.008653881,-0.002186597,0.007424464,-0.002603963,0.050609031
2024-07-31,0.009296049,-0.012611121,0.032883236,-0.015803748,-0.006813797,-0.010430584,0.063299586,-0.016747369,0.046807993,-0.008593091,0.006444178,-0.008686685,0.008669778,-0.030036659,0.009899007,-0.018749815,-0.00133097,-0.037559833,0.003737636,-0.005891796,-0.065873502,0.042900234
2024-08-31,-0.006852577,0.000324093,-0.020925677,0.002859761,0.002759229,-0.001407746,-0.018499259,0.014851068,-0.006795302,0.022036065,-0.014088726,0.008838006,-0.046236044,-0.039699489,0.008608699,-0.009531382,0.016387676,-0.00829083,-0.004908922,-0.004428094,-0.010156042,0.030235838
2024-09-30,0.007695915,-0.009594578,0.008113126,-0.006705593,0.007410964,-0.01156773,-0.020090267,0.017993435,0.034597739,-0.015569923,0.029320081,-0.026631624,-0.003548477,-0.00871922,0.062026225,-0.069794219,-0.001026598,0.005234922,-0.006403212,0.003461823,0.010272991,-0.032195832
2024-10-31,-0.008121406,0.009335156,-0.00476694,0.013180754,-0.010412478,0.006708646,-0.013175256,0.026025464,-0.012054639,-0.015124586,-0.001340883,0.027509181,0.009933725,0.005279861,0.020405645,0.016468483,-0.016367288,-0.012109851,-0.019397327,0.007907442,-0.002807284,0.033668054
2024-11-30,-0.014273671,0.019028086,-0.026084119,0.031182365,-0.006207236,0.010726819,-0.055184078,0.049333854,-0.03067608,0.008643064,-0.014044438,0.038119509,0.004620275,0.019179997,-0.027442143,0.016639959,0.010048139,-0.007888271,0.006391965,0.006348639,-0.055955866,0.057236612
2024-12-31,-0.002665323,0.002349398,-0.002994878,-0.013348374,-0.00244024,0.013070842,-0.007735078,-0.014636917,-0.03511714,-0.03589649,0.005372992,0.000247274,0.02462587,-0.006127862,0.064288495,0.034714397,-0.014909147,0.014498386,-0.008997934,0.01120237,-0.024126313,-0.0064176
2025-01-31,-0.010933244,0.010327223,-0.02205113,0.021560507,-0.003339825,0.002654986,-0.030830787,0.041266834,-0.018255645,0.033962479,-0.026063396,0.005818374,-0.008580575,0.000930818,-0.004247584,-0.006552017,0.008217223,-0.004690654,-0.00017164,0.001194169,-0.036301899,0.031877203
2025-02-28,0.029615763,-0.001620897,0.029615763,-0.001620897,,,0.044575186,-0.036829404,0.00546072,0.048155957,0.036086581,0.012862277,0.024211648,-0.017885901,,,,,,,,
2025-03-31,0.036075141,0.005361974,0.036075141,0.005361974,,,0.0589077,-0.04075653,0.004719803,0.04863049,0.050741545,0.01729577,0.016719826,0.013754545,,,,,,,,
2025-04-30,-0.042571656,0.015858445,-0.042571656,0.015858445,,,-0.069544906,0.039948337,0.00073396,-0.016777572,-0.031241479,0.016718365,-0.0603169,0.012626913,,,,,,,,
2025-05-31,-0.02547474,0.017549928,-0.02547474,0.017549928,,,-0.059220609,0.021138047,0.02868555,-0.012861203,-0.023578026,0.034519896,-0.032852837,0.021472631,,,,,,,,
2025-06-30,-0.014209698,0.0054202,-0.014209698,0.0054202,,,-0.007825524,-0.019594674,-0.00656187,0.031927282,-0.005416416,0.009781463,-0.041155535,0.009580228,,,,,,,,
2025-07-31,0.001661679,0.010064098,0.001661679,0.010064098,,,-0.016563689,0.001630724,-0.03197713,0.037239155,0.007541957,0.016773054,0.052646409,-0.0124896,,,,,,,,
2025-08-31,0.03379744,-0.013299819,0.03379744,-0.013299819,,,0.037149469,-0.025356716,0.010299867,-0.001392886,0.03304206,-0.014380208,0.052736779,-0.006616822,,,,,,,,
2025-09-30,-0.001235708,0.037462912,-0.001235708,0.037462912,,,-0.011129677,0.0616406,0.014514154,0.029668975,-0.02120537,0.056742022,0.021475199,-0.01212694,,,,,,,,
2025-10-31,-0.002983264,0.004097811,-0.002983264,0.004097811,,,-0.005214975,0.013451393,0.007933057,-0.008422541,0.01778801,-0.014687347,-0.035458612,0.025749324,,,,,,,,
2025-11-30,0.052008811,-0.006707178,0.052008811,-0.006707178,,,0.072762416,-0.026237937,0.014018381,0.032550622,0.050534583,-0.017719759,0.061445674,-0.004027502,,,,,,,,
2025-12-31,0.016766813,0.006996278,0.016766813,0.006996278,,,0.008522432,-0.014843767,-0.000507958,0.041659359,0.021047577,0.023609467,0.039866311,-0.015953769,,,,,,,,
2026-01-31,0.036300727,0.057303595,0.036300727,0.057303595,,,0.039825557,0.053713085,0.033975112,0.060374501,0.041336235,0.046952592,0.027538798,0.071845902,,,,,,,,
2026-02-28,0.021364851,0.044335861,0.021364851,0.044335861,,,0.035556333,0.032036014,-0.024973944,0.051280654,0.036610174,0.018915196,0.027912379,0.085506802,,,,,,,,
